BusinessName,FullAddress,StreetAddress,City,State,Zip,PlusCode,Website,Phone,LatLong,Category,Hours,IsClaimed,Rating,ReviewCount,Amenities,NumberOfPhotos,ImageURL,URL
PT Exa Mitra Solusi,"Rukan Graha Arteri Mas Kav. 62-63, Jalan Panjang No. 68, Jakarta Barat 11520, RT.19/RW.4, South Kedoya, Kebonjeruk, West Jakarta City, Jakarta 10220","Rukan Graha Arteri Mas Kav. 62-63, Jalan Panjang No. 68, Jakarta Barat 11520, RT.19/RW.4, South Kedoya, Kebonjeruk",West Jakarta City,Jakarta,10220,RQ89+44,examitrasolusi.co.id,(021) 5804700,"-6.18475, 106.767873",Kantor Perusahaan,"Rabu 08.30–17.30,Kamis 08.30–17.30,Jumat 08.30–17.30,Sabtu Tutup,Minggu Tutup,Senin 08.30–17.30,Selasa 08.30–17.30. Sembunyikan jam buka untuk seminggu",Y,"4,0",196,,25,https://lh5.googleusercontent.com/p/AF1QipPjm0h7CwpzZZhniMo-G6Do1LWYV7c-XQqCTU1Y=w408-h544-k-no,"https://www.google.com/maps/place/PT+Exa+Mitra+Solusi/@-6.2087449,106.7142637,11z/data=!4m8!1m2!2m1!1sperusahaan+di+dekat+graha+matapel+jakarta+barat!3m4!1s0x2e69f403268604cb:0xf7a160725618986d!8m2!3d-6.18475!4d106.767873"
Graha SM,"Jl. Panjang No.3, RT.11/RW.10, Kb. Jeruk, Kec. Kb. Jeruk, Kota Jakarta Barat, Daerah Khusus Ibukota Jakarta 11530","Jl. Panjang No.3, RT.11/RW.10, Kb. Jeruk, Kec. Kb. Jeruk",Kota Jakarta Barat,Daerah Khusus Ibukota Jakarta,11530,RQ49+VF,,,"-6.1928112, 106.7687362",Kantor Perusahaan,,N,"4,7",19,,8,https://lh5.googleusercontent.com/p/AF1QipNUlc_9zG9wJjdH2F2DHtZfriZK9TjUpHK8l2-r=w408-h544-k-no,"https://www.google.com/maps/place/Graha+SM/@-6.2087449,106.7142637,11z/data=!4m8!1m2!2m1!1sperusahaan+di+dekat+graha+matapel+jakarta+barat!3m4!1s0x2e69f71dc4eb316f:0xf70c94c6e6ca1d1d!8m2!3d-6.1928112!4d106.7687362"
Dos Ni Roha,"Graha Eka Citta Jl. Budi Raya No. 9B Kemanggisan Palmerah RT.1, RT.1/RW.5, Kb. Jeruk, Kec. Kb. Jeruk, Kota Jakarta Barat, Daerah Khusus Ibukota Jakarta 11530","Graha Eka Citta Jl. Budi Raya No. 9B Kemanggisan Palmerah RT.1, RT.1/RW.5, Kb. Jeruk, Kec. Kb. Jeruk",Kota Jakarta Barat,Daerah Khusus Ibukota Jakarta,11530,RQ5J+7Q,,(021) 5305600,"-6.191851, 106.7819809",Perusahaan Farmasi,,N,"4,3",11,,7,https://lh5.googleusercontent.com/p/AF1QipM7ShsG_1uVvkznw5pfs2dcxKedQWirOlS_fQbt=w408-h544-k-no,"https://www.google.com/maps/place/Dos+Ni+Roha/@-6.2087449,106.7142637,11z/data=!4m8!1m2!2m1!1sperusahaan+di+dekat+graha+matapel+jakarta+barat!3m4!1s0x2e69f6e5f335816b:0x8861722885a8b53c!8m2!3d-6.191851!4d106.7819809"
Gedung Sastra Graha,"Jl. Perjuangan No.126, RT.11/RW.10, Kb. Jeruk, Kec. Kb. Jeruk, Kota Jakarta Barat, Daerah Khusus Ibukota Jakarta 11530","Jl. Perjuangan No.126, RT.11/RW.10, Kb. Jeruk, Kec. Kb. Jeruk",Kota Jakarta Barat,Daerah Khusus Ibukota Jakarta,11530,RQ58+P9,,(021) 5360655,"-6.190665, 106.765917",Kantor Perusahaan,,N,"4,2",154,,39,https://lh5.googleusercontent.com/p/AF1QipPJdv_3Uw7sv6og8JK2yNGGhevsdrFRXaMAB1W7=w408-h544-k-no,"https://www.google.com/maps/place/Gedung+Sastra+Graha/@-6.2087449,106.7142637,11z/data=!4m8!1m2!2m1!1sperusahaan+di+dekat+graha+matapel+jakarta+barat!3m4!1s0x2e69f71c8dd5d69f:0xe7281b8f636bc50!8m2!3d-6.190665!4d106.765917"
PT. Prisma Harapan,"Jl. Kedoya Duri No.38, RW.4, Kedoya Sel., Kec. Kb. Jeruk, Kota Jakarta Barat, Daerah Khusus Ibukota Jakarta 11520","Jl. Kedoya Duri No.38, RW.4, Kedoya Sel., Kec. Kb. Jeruk",Kota Jakarta Barat,Daerah Khusus Ibukota Jakarta,11520,RQ88+GV,prisma-ads.com,(021) 58356575,"-6.1836312, 106.7671433",Kantor Perusahaan,"Rabu 08.30–17.30,Kamis 08.30–17.30,Jumat 08.30–17.30,Sabtu Tutup,Minggu Tutup,Senin 08.30–17.30,Selasa 08.30–17.30. Sembunyikan jam buka untuk seminggu",Y,"4,4",13,,16,https://lh5.googleusercontent.com/p/AF1QipOvD9yp2NnyqJZO1pTzr6GJ6UkfqugedV1Yziro=w408-h254-k-no,"https://www.google.com/maps/place/PT.+Prisma+Harapan/@-6.2087449,106.7142637,11z/data=!4m8!1m2!2m1!1sperusahaan+di+dekat+graha+matapel+jakarta+barat!3m4!1s0x2e69f703d6e8036b:0xc90d1bee18b0a728!8m2!3d-6.1836312!4d106.7671433"
PT. Rinnai Indonesia,"Komp. Ruko Sastra Graha Lt. 6, Jalan Perjuangan No.21, Kebon Jeruk, RT.11/RW.10, Kb. Jeruk, Kec. Kb. Jeruk, Kota Jakarta Barat, Daerah Khusus Ibukota Jakarta 11530","Komp. Ruko Sastra Graha Lt. 6, Jalan Perjuangan No.21, Kebon Jeruk, RT.11/RW.10, Kb. Jeruk, Kec. Kb. Jeruk",Kota Jakarta Barat,Daerah Khusus Ibukota Jakarta,11530,RQ58+MC,rinnai.co.id,(021) 5331638,"-6.1907933, 106.7660013",Kantor Perusahaan,"Rabu 08.00–17.00,Kamis 08.00–17.00,Jumat 08.00–17.00,Sabtu Tutup,Minggu Tutup,Senin 08.00–17.00,Selasa 08.00–17.00. Sembunyikan jam buka untuk seminggu",N,"4,6",10,,0,https://maps.gstatic.com/tactile/pane/default_geocode-1x.png,"https://www.google.com/maps/place/PT.+Rinnai+Indonesia/@-6.2087449,106.7142637,11z/data=!4m8!1m2!2m1!1sperusahaan+di+dekat+graha+matapel+jakarta+barat!3m4!1s0x2e69f71c8b851b11:0x3cfbfe0b30545fab!8m2!3d-6.1907933!4d106.7660013"
MULTIKON,"Jl. Panjang No.55, RT.5/RW.10, Kb. Jeruk, Kec. Kb. Jeruk, Kota Jakarta Barat, Daerah Khusus Ibukota Jakarta 11530","Jl. Panjang No.55, RT.5/RW.10, Kb. Jeruk, Kec. Kb. Jeruk",Kota Jakarta Barat,Daerah Khusus Ibukota Jakarta,11530,RQ39+M9,multikon.co.id,(021) 53650036,"-6.1958354, 106.768413",Perusahaan Konstruksi,,Y,"4,4",57,,36,https://lh5.googleusercontent.com/p/AF1QipNrgHuu09MFem3aJuAj2g3QsFJ3ciDCDKoetWVp=w408-h306-k-no,"https://www.google.com/maps/place/MULTIKON/@-6.2087449,106.7142637,11z/data=!4m8!1m2!2m1!1sperusahaan+di+dekat+graha+matapel+jakarta+barat!3m4!1s0x2e69f71e4c155bcf:0xdaeb58833b4cbd!8m2!3d-6.1958354!4d106.768413"
Graha Arteri Mas,"Jalan Panjang No. 68, RT. 19/4, Kebon Jeruk, RT.19/RW.4, Kedoya Sel., Kec. Kb. Jeruk, Kota Jakarta Barat, Daerah Khusus Ibukota Jakarta 11530","Jalan Panjang No. 68, RT. 19/4, Kebon Jeruk, RT.19/RW.4, Kedoya Sel., Kec. Kb. Jeruk",Kota Jakarta Barat,Daerah Khusus Ibukota Jakarta,11530,RQ89+44,,0818-420-928,"-6.184651, 106.7678605",Kantor Perusahaan,,N,"3,9",141,,16,https://lh5.googleusercontent.com/p/AF1QipNHiOPksoQ9pDTgsbrqvmMrS8JCDlrhS8fJIRyA=w408-h285-k-no,"https://www.google.com/maps/place/Graha+Arteri+Mas/@-6.2087449,106.7142637,11z/data=!4m8!1m2!2m1!1sperusahaan+di+dekat+graha+matapel+jakarta+barat!3m4!1s0x2e69f7024bcd2025:0x89b7af39ea43ea48!8m2!3d-6.184651!4d106.7678605"
Graha Pelitamaju,"Jalan Panjang Sunrise Garden Blok W No. 8, Kedoya Utara, Kebon Jeruk, RT.4/RW.5, Kedoya Utara, Kec. Kb. Jeruk, Kota Jakarta Barat, Daerah Khusus Ibukota Jakarta 11520","Jalan Panjang Sunrise Garden Blok W No. 8, Kedoya Utara, Kebon Jeruk, RT.4/RW.5, Kedoya Utara, Kec. Kb. Jeruk",Kota Jakarta Barat,Daerah Khusus Ibukota Jakarta,11520,RQG8+37,,(021) 58301888,"-6.1747586, 106.7657436",Kantor Perusahaan,"Rabu 09.00–17.00,Kamis 09.00–17.00,Jumat 09.00–17.00,Sabtu 09.00–17.00,Minggu Tutup,Senin 09.00–17.00,Selasa 09.00–17.00. Sembunyikan jam buka untuk seminggu",N,"4,4",48,,18,https://lh5.googleusercontent.com/p/AF1QipNf1KjEG9QKTGTEVYGWUm0FsDUl61A_CSpX6pLK=w408-h544-k-no,"https://www.google.com/maps/place/Graha+Pelitamaju/@-6.2087449,106.7142637,11z/data=!4m8!1m2!2m1!1sperusahaan+di+dekat+graha+matapel+jakarta+barat!3m4!1s0x2e69f7ac2891da1b:0x9befaa4acb8d0a93!8m2!3d-6.1747586!4d106.7657436"
Vivere Group,"Graha Vivere, Jalan Jend. S. Parman No.6, RT.1/RW.5, Palmerah, Kec. Palmerah, Kota Jakarta Barat, Daerah Khusus Ibukota Jakarta 11480","Graha Vivere, Jalan Jend. S. Parman No.6, RT.1/RW.5, Palmerah, Kec. Palmerah",Kota Jakarta Barat,Daerah Khusus Ibukota Jakarta,11480,QQXX+CG,vivere.co.id,(021) 53651588,"-6.2014264, 106.7988292",Kantor Perusahaan,"Rabu 10.00–18.00,Kamis 10.00–18.00,Jumat 10.00–18.00,Sabtu Tutup,Minggu Tutup,Senin 10.00–18.00,Selasa 10.00–18.00. Sembunyikan jam buka untuk seminggu",N,"4,2",84,,24,https://lh5.googleusercontent.com/p/AF1QipNL02E0pfRd6aF-DsyPdnmvt8FYB4nk1RzMfMvm=w408-h544-k-no,"https://www.google.com/maps/place/Vivere+Group/@-6.2087449,106.7142637,11z/data=!4m8!1m2!2m1!1sperusahaan+di+dekat+graha+matapel+jakarta+barat!3m4!1s0x2e69f6beeacfd5a5:0x774a72dd1b14ee6c!8m2!3d-6.2014264!4d106.7988292"
Wisma Akr,"Jl. Panjang No.5, RT.11/RW.10, Kb. Jeruk, Kec. Kb. Jeruk, Kota Jakarta Barat, Daerah Khusus Ibukota Jakarta 11530","Jl. Panjang No.5, RT.11/RW.10, Kb. Jeruk, Kec. Kb. Jeruk",Kota Jakarta Barat,Daerah Khusus Ibukota Jakarta,11530,RQ59+88,akr.co.id,,"-6.1916293, 106.7682663",Kantor Perusahaan,,Y,"4,5",135,,34,https://lh5.googleusercontent.com/p/AF1QipNDt6z0NoBhqbYGSIRW2BdV3TM0tzAyQPlq4j4G=w408-h306-k-no,"https://www.google.com/maps/place/Wisma+Akr/@-6.2087449,106.7142637,11z/data=!4m8!1m2!2m1!1sperusahaan+di+dekat+graha+matapel+jakarta+barat!3m4!1s0x2e69f71dae3dae3b:0x90163e99a268110e!8m2!3d-6.1916293!4d106.7682663"
PT. Unitama Analitika Perkasa - Main Office,"Jl. Panjang No.37C, RT.7/RW.11, Kb. Jeruk, Kec. Kb. Jeruk, Kota Jakarta Barat, Daerah Khusus Ibukota Jakarta 11530","Jl. Panjang No.37C, RT.7/RW.11, Kb. Jeruk, Kec. Kb. Jeruk",Kota Jakarta Barat,Daerah Khusus Ibukota Jakarta,11530,RQ49+JM,unitamaanalitika.com,(021) 53660641,"-6.1933831, 106.7691467",Kantor Perusahaan,"Rabu 08.00–17.00,Kamis 08.00–17.00,Jumat 08.00–17.00,Sabtu Tutup,Minggu Tutup,Senin 08.00–17.00,Selasa 08.00–17.00. Sembunyikan jam buka untuk seminggu",N,"3,9",7,,8,https://lh5.googleusercontent.com/p/AF1QipNjtg7Y84eYxQqZcHFnkhTuACBwCH95P3M2iMcc=w408-h408-k-no,"https://www.google.com/maps/place/PT.+Unitama+Analitika+Perkasa+-+Main+Office/@-6.2087449,106.7142637,11z/data=!4m8!1m2!2m1!1sperusahaan+di+dekat+graha+matapel+jakarta+barat!3m4!1s0x2e69f720424d8945:0x16a60f5b9e904be4!8m2!3d-6.1933831!4d106.7691467"
Astra Credit Companies,"Jl. Perjuangan No.88, RT.11/RW.10, Kb. Jeruk, Kec. Kb. Jeruk, Kota Jakarta Barat, Daerah Khusus Ibukota Jakarta 11530","Jl. Perjuangan No.88, RT.11/RW.10, Kb. Jeruk, Kec. Kb. Jeruk",Kota Jakarta Barat,Daerah Khusus Ibukota Jakarta,11530,RQ58+R4,acc.co.id,(021) 5325919,"-6.190429, 106.7652987",Kantor Perusahaan,"Rabu 06.45–17.00,Kamis 06.45–17.00,Jumat 06.45–17.00,Sabtu 06.45–17.00,Minggu Tutup,Senin 06.45–17.00,Selasa 06.45–17.00. Sembunyikan jam buka untuk seminggu",N,"3,6",51,,35,https://lh5.googleusercontent.com/p/AF1QipNE1xCKKLhKsrqMp8LIxLtWkPsnAI6iHbfsdG-y=w408-h306-k-no,"https://www.google.com/maps/place/Astra+Credit+Companies/@-6.2087449,106.7142637,11z/data=!4m8!1m2!2m1!1sperusahaan+di+dekat+graha+matapel+jakarta+barat!3m4!1s0x2e69f71c9b2818a1:0x4c7b3a084aec3124!8m2!3d-6.190429!4d106.7652987"
LOV Ministry,"Jl. Arjuna Utara No.9a, RT.9/RW.1, Duri Kepa, Kec. Kb. Jeruk, Kota Jakarta Barat, Daerah Khusus Ibukota Jakarta 11510","Jl. Arjuna Utara No.9a, RT.9/RW.1, Duri Kepa, Kec. Kb. Jeruk",Kota Jakarta Barat,Daerah Khusus Ibukota Jakarta,11510,RQ6F+RC,,,"-6.1879521, 106.7735964",,,N,,,,0,https://geo0.ggpht.com/cbk?panoid=Vs4BJ6SoIPc9UGm3H38RVA&output=thumbnail&cb_client=search.TACTILE.gps&thumb=2&w=408&h=240&yaw=342.73535&pitch=0&thumbfov=100,"https://www.google.com/maps/place/LOV+Ministry/@-6.2087449,106.7142637,11z/data=!4m8!1m2!2m1!1sperusahaan+di+dekat+graha+matapel+jakarta+barat!3m4!1s0x2e69f7ebacd7dbe3:0xe19af1f170ddc378!8m2!3d-6.1879521!4d106.7735964"
"Krida Hasta Tama, PT","Gedung Guna Elektro Lt. 2, Jalan Arjuna Utara No. 50, Kebon Jeruk, RT.9/RW.1, Duri Kepa, Kec. Kb. Jeruk, Kota Jakarta Barat, Daerah Khusus Ibukota Jakarta 11510               Terletak di: Gedung GAE (Guna Arjuna Elektro)","Gedung Guna Elektro Lt. 2, Jalan Arjuna Utara No. 50, Kebon Jeruk, RT.9/RW.1, Duri Kepa, Kec. Kb. Jeruk",Kota Jakarta Barat,Daerah Khusus Ibukota Jakarta,11510               Terletak di: Gedung GAE (Guna Arjuna Elektro),RQ6F+M2,gae.co.id,(021) 5689011,"-6.1883324, 106.772572",Kantor Perusahaan,"Rabu 08.00–17.00,Kamis 08.00–17.00,Jumat 08.00–17.00,Sabtu Tutup,Minggu Tutup,Senin 08.00–17.00,Selasa 08.00–17.00. Sembunyikan jam buka untuk seminggu",N,"5,0",4,,,https://lh5.googleusercontent.com/p/AF1QipMYim3Ve3yxoWh08WzGk2Qxioc0Px-EERckh5gl=w408-h468-k-no,"https://www.google.com/maps/place/Krida+Hasta+Tama,+PT/@-6.2087449,106.7142637,11z/data=!4m8!1m2!2m1!1sperusahaan+di+dekat+graha+matapel+jakarta+barat!3m4!1s0x2e69f6fd35519245:0xd71f1ea6e95d57cc!8m2!3d-6.1883324!4d106.772572"
PT. Multigraha Alumindo,"11530Graha Multi Building, 2nd Floor, Jl. Panjang No. 55, Kebon Jeruk, RT.4/RW.4, Kb. Jeruk, Kec. Kb. Jeruk, Kota Jakarta Barat, Daerah Khusus Ibukota Jakarta 11530","11530Graha Multi Building, 2nd Floor, Jl. Panjang No. 55, Kebon Jeruk, RT.4/RW.4, Kb. Jeruk, Kec. Kb. Jeruk",Kota Jakarta Barat,Daerah Khusus Ibukota Jakarta,11530,RQ6G+P9,multindo-facade.com,(021) 53650040,"-6.1881467, 106.7759185",,,N,,,,0,https://geo3.ggpht.com/cbk?panoid=5e-9R_LwJKYW0oiacIfPWA&output=thumbnail&cb_client=search.TACTILE.gps&thumb=2&w=408&h=240&yaw=155.2858&pitch=0&thumbfov=100,"https://www.google.com/maps/place/PT.+Multigraha+Alumindo/@-6.2087449,106.7142637,11z/data=!4m8!1m2!2m1!1sperusahaan+di+dekat+graha+matapel+jakarta+barat!3m4!1s0x2e69f6fcad394c35:0x5769e6d24a2f9e7c!8m2!3d-6.1881467!4d106.7759185"
PT Indocater,"Media Komplek Metro TV, Jl. Pilar Mas Raya Kavling A-D Lt. 1& 2, RT. 8 / RW. 3, Kedoya Selatan, Kebon Jeruk, RT.7/RW.3, Kedoya Sel., Kec. Kb. Jeruk, Kota Jakarta Barat, Daerah Khusus Ibukota Jakarta 11520","Media Komplek Metro TV, Jl. Pilar Mas Raya Kavling A-D Lt. 1& 2, RT. 8 / RW. 3, Kedoya Selatan, Kebon Jeruk, RT.7/RW.3, Kedoya Sel., Kec. Kb. Jeruk",Kota Jakarta Barat,Daerah Khusus Ibukota Jakarta,11520,RQ75+WH,indocater.co.id,(021) 58304010,"-6.1852485, 106.7589569",Kantor Perusahaan,"Rabu 08.00–18.00,Kamis 08.00–18.00,Jumat 08.00–18.00,Sabtu Tutup,Minggu Tutup,Senin 08.00–18.00,Selasa 08.00–18.00. Sembunyikan jam buka untuk seminggu",N,"4,6",55,,33,https://lh5.googleusercontent.com/p/AF1QipNrRbtPmi3fn50UvFEswU2IfDigpjReqLDMi2KP=w408-h306-k-no,"https://www.google.com/maps/place/PT+Indocater/@-6.2087449,106.7142637,11z/data=!4m8!1m2!2m1!1sperusahaan+di+dekat+graha+matapel+jakarta+barat!3m4!1s0x2e69f7060e50b8df:0xd65016ac88bf851d!8m2!3d-6.1852485!4d106.7589569"
WIR Group,"Jl. Panjang No.70, RT.6/RW.11, Kb. Jeruk, Kec. Kb. Jeruk, Kota Jakarta Barat, Daerah Khusus Ibukota Jakarta 11530","Jl. Panjang No.70, RT.6/RW.11, Kb. Jeruk, Kec. Kb. Jeruk",Kota Jakarta Barat,Daerah Khusus Ibukota Jakarta,11530,RQ49+PJ,wirglobal.com,(021) 53678064,"-6.1931953, 106.7690001",Perusahaan Software,"Rabu 08.30–17.30,Kamis 08.30–17.30,Jumat 08.30–17.30,Sabtu Tutup,Minggu Tutup,Senin 08.30–17.30,Selasa 08.30–17.30. Sembunyikan jam buka untuk seminggu",Y,"4,3",47,,23,https://lh5.googleusercontent.com/p/AF1QipPiUkT85SCsF-FbvH0OJf8zs-YCzwZZWW3Ueji3=w408-h544-k-no,"https://www.google.com/maps/place/WIR+Group/@-6.2087449,106.7142637,11z/data=!4m8!1m2!2m1!1sperusahaan+di+dekat+graha+matapel+jakarta+barat!3m4!1s0x2e69f71de0b99805:0x196f3648b7610087!8m2!3d-6.1931953!4d106.7690001"
PT Pupuk Indonesia Persero,"Jl. Taman Anggrek, RT.2/RW.8, Kemanggisan, Jaya, Kota Jakarta Barat, Daerah Khusus Ibukota Jakarta 11480               Terletak di: PT Pupuk Sriwijaya Kantor Perwakilan Jakarta","Jl. Taman Anggrek, RT.2/RW.8, Kemanggisan, Jaya",Kota Jakarta Barat,Daerah Khusus Ibukota Jakarta,11480               Terletak di: PT Pupuk Sriwijaya Kantor Perwakilan Jakarta,RQ8R+39,pupuk-indonesia.com,(021) 53654900,"-6.1848378, 106.7909345",Kantor Perusahaan,"Rabu 07.30–16.00,Kamis 07.30–16.00,Jumat 07.30–16.00,Sabtu Tutup,Minggu Tutup,Senin 07.30–16.00,Selasa 07.30–16.00. Sembunyikan jam buka untuk seminggu",Y,"4,4",161,,86,https://lh5.googleusercontent.com/p/AF1QipMPgkvwLY0GvdEmcc0Ax6Dx87YUvlFnrwiiQj2P=w408-h306-k-no,"https://www.google.com/maps/place/PT+Pupuk+Indonesia+Persero/@-6.2087449,106.7142637,11z/data=!4m8!1m2!2m1!1sperusahaan+di+dekat+graha+matapel+jakarta+barat!3m4!1s0x2e69f6f3aed427b5:0xc0ccf3a933299d5d!8m2!3d-6.1848378!4d106.7909345"
PT. Takari Kokoh Sejahtera,"Jl. Arjuna Utara No.131, RT.1/RW.1, Tj. Duren Sel., Kec. Grogol petamburan, Kota Jakarta Barat, Daerah Khusus Ibukota Jakarta 11470","Jl. Arjuna Utara No.131, RT.1/RW.1, Tj. Duren Sel., Kec. Grogol petamburan",Kota Jakarta Barat,Daerah Khusus Ibukota Jakarta,11470,RQ8Q+6P,takari.co.id,(021) 5640101,"-6.1843972, 106.7893316",Kantor Perusahaan,"Rabu 08.00–17.00,Kamis 08.00–17.00,Jumat 08.00–17.00,Sabtu Tutup,Minggu Tutup,Senin 08.00–17.00,Selasa 08.00–17.00. Sembunyikan jam buka untuk seminggu",Y,"4,3",45,,5,https://lh5.googleusercontent.com/p/AF1QipMTVk3X48AHoBZ1cluLv7iJMbJbZQuLsnfTILqm=w426-h240-k-no,"https://www.google.com/maps/place/PT.+Takari+Kokoh+Sejahtera/@-6.2087449,106.7142637,11z/data=!4m8!1m2!2m1!1sperusahaan+di+dekat+graha+matapel+jakarta+barat!3m4!1s0x2e69f6f3c44eb383:0xdefedb0a092c6acc!8m2!3d-6.1843972!4d106.7893316"
PT Total Bangun Persada Tbk,"Jl. Letjen S. Parman No.Kav. 106, RT.12/RW.3, Tomang, Kec. Grogol petamburan, Kota Jakarta Barat, Daerah Khusus Ibukota Jakarta 11440","Jl. Letjen S. Parman No.Kav. 106, RT.12/RW.3, Tomang, Kec. Grogol petamburan",Kota Jakarta Barat,Daerah Khusus Ibukota Jakarta,11440,RQFV+8Q,totalbp.com,(021) 5666999,"-6.1766661, 106.7944802",Perusahaan Konstruksi,"Rabu 08.30–17.30,Kamis 08.30–17.30,Jumat 08.30–17.30,Sabtu Tutup,Minggu Tutup,Senin 08.30–17.30,Selasa 08.30–17.30. Sembunyikan jam buka untuk seminggu",Y,"4,5",299,,234,https://lh5.googleusercontent.com/p/AF1QipPa3orAjiR-bfWuKi0p7zVFAmw4wa_mKnCxSypi=w408-h306-k-no,"https://www.google.com/maps/place/PT+Total+Bangun+Persada+Tbk/@-6.2087449,106.7142637,11z/data=!4m8!1m2!2m1!1sperusahaan+di+dekat+graha+matapel+jakarta+barat!3m4!1s0x2e69f660050af591:0xa0ca846938def3cb!8m2!3d-6.1766661!4d106.7944802"
Sablon Kaos - ClothingArt-11 Jakarta Barat,"Jl. Kedoya Raya No.11B, RT.10/RW.2, Kedoya Sel., Kec. Kb. Jeruk, Kota Jakarta Barat, Daerah Khusus Ibukota Jakarta 11520","Jl. Kedoya Raya No.11B, RT.10/RW.2, Kedoya Sel., Kec. Kb. Jeruk",Kota Jakarta Barat,Daerah Khusus Ibukota Jakarta,11520,RQ96+JR,clothingart-11.com,0856-8530-284,"-6.1809282, 106.7620371",Kantor Perusahaan,"Rabu 09.00–20.00,Kamis 09.00–20.00,Jumat 09.00–20.00,Sabtu 09.00–20.00,Minggu Tutup,Senin 09.00–20.00,Selasa 09.00–20.00. Sembunyikan jam buka untuk seminggu",Y,"4,3",27,,35,https://lh5.googleusercontent.com/p/AF1QipPzKYOQR9uKYY4NLsjRG9DgYhcAnvZZ5kaQezcV=w408-h725-k-no,"https://www.google.com/maps/place/Sablon+Kaos+-+ClothingArt-11+Jakarta+Barat/@-6.2087449,106.7142637,11z/data=!4m8!1m2!2m1!1sperusahaan+di+dekat+graha+matapel+jakarta+barat!3m4!1s0x2e69f706fe2b76cf:0x6293b111df675777!8m2!3d-6.1809282!4d106.7620371"
PT. Surya Toto Indonesia,"Jl. Letjen S. Parman No.Kav. 81, RT.4/RW.9, Kota Bambu Sel., Kec. Palmerah, Kota Jakarta Barat, Daerah Khusus Ibukota Jakarta 11430","Jl. Letjen S. Parman No.Kav. 81, RT.4/RW.9, Kota Bambu Sel., Kec. Palmerah",Kota Jakarta Barat,Daerah Khusus Ibukota Jakarta,11430,RQ6X+M4,toto.co.id,(021) 29298686,"-6.188257, 106.797853",Kantor Perusahaan,"Rabu 08.00–17.00,Kamis 08.00–17.00,Jumat 08.00–17.00,Sabtu Tutup,Minggu Tutup,Senin 08.00–17.00,Selasa 08.00–17.00. Sembunyikan jam buka untuk seminggu",N,"4,2",86,,108,https://lh5.googleusercontent.com/p/AF1QipNfj0jdQySfyelcS_7tixTxv1IgK-xR5hRQL5pk=w408-h864-k-no,"https://www.google.com/maps/place/PT.+Surya+Toto+Indonesia/@-6.2087449,106.7142637,11z/data=!4m8!1m2!2m1!1sperusahaan+di+dekat+graha+matapel+jakarta+barat!3m4!1s0x2e69f68a6dde507d:0xdcac86e6da1988b3!8m2!3d-6.188257!4d106.797853"
Komplek Perkantoran,"Jl. Panjang No.68, RT.6/RW.1, Kedoya Sel., Kec. Kb. Jeruk, Kota Jakarta Barat, Daerah Khusus Ibukota Jakarta 11520","Jl. Panjang No.68, RT.6/RW.1, Kedoya Sel., Kec. Kb. Jeruk",Kota Jakarta Barat,Daerah Khusus Ibukota Jakarta,11520,RQ79+3F,,,"-6.1872942, 106.7686442",Kantor Perusahaan,"Rabu 08.00–18.00,Kamis 08.00–18.00,Jumat 08.00–18.00,Sabtu Tutup,Minggu Tutup,Senin 08.00–18.00,Selasa 08.00–18.00. Sembunyikan jam buka untuk seminggu",N,"2,0",2,,2,https://lh5.googleusercontent.com/p/AF1QipNriz9JFiDMY25E4gYF9a4OGxn8OX4s8FeuhyIY=w408-h544-k-no,"https://www.google.com/maps/place/Komplek+Perkantoran/@-6.2087449,106.7142637,11z/data=!4m8!1m2!2m1!1sperusahaan+di+dekat+graha+matapel+jakarta+barat!3m4!1s0x2e69f702c2512627:0xc5477d06f8de9906!8m2!3d-6.1872942!4d106.7686442"
HM Sampoerna Kedoya,"Jl. Panjang, RT.5/RW.10, Kebon Jeruk, Kebonjeruk, West Jakarta City, Jakarta 11530","Jl. Panjang, RT.5/RW.10, Kebon Jeruk, Kebonjeruk",West Jakarta City,Jakarta,11530,RQ49+XF,,,"-6.1925999, 106.7687258",Kantor Perusahaan,,N,"4,7",15,,7,https://lh5.googleusercontent.com/p/AF1QipN-qMJA632105ipieDcpLwBlqKjqgpcgTgINy3J=w408-h306-k-no,"https://www.google.com/maps/place/HM+Sampoerna+Kedoya/@-6.2087449,106.7142637,11z/data=!4m8!1m2!2m1!1sperusahaan+di+dekat+graha+matapel+jakarta+barat!3m4!1s0x2e69f71dc71e47e1:0x7386f02774755d00!8m2!3d-6.1925999!4d106.7687258"
PT Mayora Indah Tbk,"Gedung Mayora, Jalan Tomang Raya 21-23, RT.1/RW.1, Tomang, Grogol petamburan, RT.1/RW.1, Tomang, Kec. Grogol petamburan, Kota Jakarta Barat, Daerah Khusus Ibukota Jakarta 11530","Gedung Mayora, Jalan Tomang Raya 21-23, RT.1/RW.1, Tomang, Grogol petamburan, RT.1/RW.1, Tomang, Kec. Grogol petamburan",Kota Jakarta Barat,Daerah Khusus Ibukota Jakarta,11530,RQFX+3J,mayoraindah.co.id,(021) 80637400,"-6.1773496, 106.7990587",Kantor Perusahaan,"Rabu 08.00–17.00,Kamis 08.00–17.00,Jumat 08.00–17.00,Sabtu Tutup,Minggu Tutup,Senin 08.00–17.00,Selasa 08.00–17.00. Sembunyikan jam buka untuk seminggu",N,"3,7",98,,15,https://lh5.googleusercontent.com/p/AF1QipP5XZF-xwifUmq_V8wu7kh18OFH1UzC-DrsQVLA=w426-h240-k-no,"https://www.google.com/maps/place/PT+Mayora+Indah+Tbk/@-6.2087449,106.7142637,11z/data=!4m8!1m2!2m1!1sperusahaan+di+dekat+graha+matapel+jakarta+barat!3m4!1s0x2e69f6e33b17cae1:0xd0d88edd4fcad23d!8m2!3d-6.1773496!4d106.7990587"
Prisma Kedoya Plaza,"Jl. Perjuangan, RT.1/RW.7, Kb. Jeruk, Kec. Kb. Jeruk, Kota Jakarta Barat, Daerah Khusus Ibukota Jakarta 11530","Jl. Perjuangan, RT.1/RW.7, Kb. Jeruk, Kec. Kb. Jeruk",Kota Jakarta Barat,Daerah Khusus Ibukota Jakarta,11530,RQ55+G6,,,"-6.1911266, 106.7580849",Kantor Perusahaan,,N,"4,1",42,,9,https://lh5.googleusercontent.com/p/AF1QipNzyndox-lmpI0N2ok-KCL3FQME79hIEmXpT6-P=w408-h306-k-no,"https://www.google.com/maps/place/Prisma+Kedoya+Plaza/@-6.2087449,106.7142637,11z/data=!4m8!1m2!2m1!1sperusahaan+di+dekat+graha+matapel+jakarta+barat!3m4!1s0x2e69f71063319c2f:0x2707101e26371c4b!8m2!3d-6.1911266!4d106.7580849"
PT. Graha Bumi Hijau,"Jl. Kerajinan No.3, RT.10/RW.1, Krukut, Kec. Taman Sari, Kota Jakarta Barat, Daerah Khusus Ibukota Jakarta 11140","Jl. Kerajinan No.3, RT.10/RW.1, Krukut, Kec. Taman Sari",Kota Jakarta Barat,Daerah Khusus Ibukota Jakarta,11140,RRW8+MM,tessatissue.com,(021) 6320123,"-6.1533087, 106.8166378",Kantor Perusahaan,"Rabu 08.00–17.00,Kamis 08.00–17.00,Jumat 08.00–17.00,Sabtu Tutup,Minggu Tutup,Senin 08.00–17.00,Selasa 08.00–17.00. Sembunyikan jam buka untuk seminggu",N,"4,2",18,,5,https://lh5.googleusercontent.com/p/AF1QipN1ynXkptZNu5nBDjJ1Z8j5S4mcZdim3mObYVFh=w426-h240-k-no,"https://www.google.com/maps/place/PT.+Graha+Bumi+Hijau/@-6.2087449,106.7142637,11z/data=!4m8!1m2!2m1!1sperusahaan+di+dekat+graha+matapel+jakarta+barat!3m4!1s0x2e69f60aaa1cf413:0x43016c3caa14884d!8m2!3d-6.1533087!4d106.8166378"
Pupuk Kujang Jakarta,"Wisma Pusri Lt. 4, Jl. Letjen S. Parman Kav. 101, Tomang, Grogol Petamburan, RT.2/RW.1, Tomang, Kec. Grogol petamburan, Kota Jakarta Barat, Daerah Khusus Ibukota Jakarta 11440","Wisma Pusri Lt. 4, Jl. Letjen S. Parman Kav. 101, Tomang, Grogol Petamburan, RT.2/RW.1, Tomang, Kec. Grogol petamburan",Kota Jakarta Barat,Daerah Khusus Ibukota Jakarta,11440,RQCW+FH,pupuk-kujang.co.id,,"-6.1788659, 106.7964163",Kantor Perusahaan,"Rabu 08.00–17.00,Kamis 08.00–17.00,Jumat 08.00–17.00,Sabtu Tutup,Minggu Tutup,Senin 08.00–17.00,Selasa 08.00–17.00. Sembunyikan jam buka untuk seminggu",N,"4,5",6,,6,https://lh5.googleusercontent.com/p/AF1QipMJyh_UdqDc0lO6wWXHrZn-8LsxNH_5QvGJApyL=w408-h306-k-no,"https://www.google.com/maps/place/Pupuk+Kujang+Jakarta/@-6.2087449,106.7142637,11z/data=!4m8!1m2!2m1!1sperusahaan+di+dekat+graha+matapel+jakarta+barat!3m4!1s0x2e69f68aedf229eb:0x94c275e96066b29d!8m2!3d-6.1788659!4d106.7964163"
"PT Pyridam Farma, Tbk","blok F3, villa, Jalan Kebon Jeruk Raya, RT.3/RW.3, Kebon Jeruk, RT.3/RW.3, Kb. Jeruk, Kec. Kb. Jeruk, Kota Jakarta Barat, Daerah Khusus Ibukota Jakarta 11530","blok F3, villa, Jalan Kebon Jeruk Raya, RT.3/RW.3, Kebon Jeruk, RT.3/RW.3, Kb. Jeruk, Kec. Kb. Jeruk",Kota Jakarta Barat,Daerah Khusus Ibukota Jakarta,11530,RQ3F+5W,pyridam.com,,"-6.1970879, 106.7747554",Kantor Perusahaan,,N,"5,0",2,,0,https://geo0.ggpht.com/cbk?panoid=5JqWm8ZYZIyLNJqCFJJdCQ&output=thumbnail&cb_client=search.TACTILE.gps&thumb=2&w=408&h=240&yaw=352.26523&pitch=0&thumbfov=100,"https://www.google.com/maps/place/PT+Pyridam+Farma,+Tbk/@-6.2087449,106.7142637,11z/data=!4m8!1m2!2m1!1sperusahaan+di+dekat+graha+matapel+jakarta+barat!3m4!1s0x2e69f6e0eb68e8b7:0xbfadee725ee2ed7a!8m2!3d-6.1970879!4d106.7747554"
BPJS Kesehatan Cabang Jakarta Barat (Gedung Baru),"Jl. Raya Klp. Dua No.9, RT.1/RW.5, Klp. Dua, Kec. Kb. Jeruk, Kota Jakarta Barat, Daerah Khusus Ibukota Jakarta 11550","Jl. Raya Klp. Dua No.9, RT.1/RW.5, Klp. Dua, Kec. Kb. Jeruk",Kota Jakarta Barat,Daerah Khusus Ibukota Jakarta,11550,QQP9+9Q,bpjs-kesehatan.go.id,(021) 5322630,"-6.214065, 106.76943",Kantor Perusahaan,"Rabu 08.00–15.00,Kamis 08.00–15.00,Jumat 08.00–15.00,Sabtu Tutup,Minggu Tutup,Senin 08.00–15.00,Selasa 08.00–15.00. Sembunyikan jam buka untuk seminggu",N,"4,4",322,,166,https://lh5.googleusercontent.com/p/AF1QipMtXosZbo8YgLuAJJ6kW7wlsGafoQJ090Htex41=w408-h408-k-no,"https://www.google.com/maps/place/BPJS+Kesehatan+Cabang+Jakarta+Barat+(Gedung+Baru)/@-6.2087449,106.7142637,11z/data=!4m8!1m2!2m1!1sperusahaan+di+dekat+graha+matapel+jakarta+barat!3m4!1s0x2e69f72a6f27857f:0x6209432325b63da2!8m2!3d-6.214065!4d106.76943"
PT. Cipta Graha Kreasi,"Kencana Tower Lantai 3 Komplek Business Park Kebon Jeruk, Jl. Meruya Ilir No. 88, RT.1/RW.5, Meruya Utara, Kembangan, RT.1/RW.5, Meruya Utara, Kec. Kembangan, Kota Jakarta Barat, Daerah Khusus Ibukota Jakarta 11620","Kencana Tower Lantai 3 Komplek Business Park Kebon Jeruk, Jl. Meruya Ilir No. 88, RT.1/RW.5, Meruya Utara, Kembangan, RT.1/RW.5, Meruya Utara, Kec. Kembangan",Kota Jakarta Barat,Daerah Khusus Ibukota Jakarta,11620,RQ26+MW,cgkreasi.co.id,(021) 58901620,"-6.1983678, 106.7622824",Kantor Perusahaan,"Rabu 08.30–17.30,Kamis 08.30–17.30,Jumat 08.30–17.30,Sabtu Tutup,Minggu Tutup,Senin 08.30–17.30,Selasa 08.30–17.30. Sembunyikan jam buka untuk seminggu",Y,"4,9",9,,4,https://lh5.googleusercontent.com/p/AF1QipNcWqGtvTUawcBjMLlOR2bhQRndO4a7kcOGy6X8=w426-h240-k-no,"https://www.google.com/maps/place/PT.+Cipta+Graha+Kreasi/@-6.2087449,106.7142637,11z/data=!4m8!1m2!2m1!1sperusahaan+di+dekat+graha+matapel+jakarta+barat!3m4!1s0x2e69f71885b244af:0xed5be5d077302edd!8m2!3d-6.1983678!4d106.7622824"
Motor Plus,"Gedung Gramedia, Jalan Panjang No.8A, Kebon Jeruk, RT.5/RW.10, Kb. Jeruk, Kec. Kb. Jeruk, Kota Jakarta Barat, Daerah Khusus Ibukota Jakarta 11530               Terletak di: Kompas Gramedia Majalah","Gedung Gramedia, Jalan Panjang No.8A, Kebon Jeruk, RT.5/RW.10, Kb. Jeruk, Kec. Kb. Jeruk",Kota Jakarta Barat,Daerah Khusus Ibukota Jakarta,11530               Terletak di: Kompas Gramedia Majalah,RQ49+4F,,(021) 5330150,"-6.194635, 106.768646",Perusahaan Media,,Y,"3,9",10,,3,https://geo3.ggpht.com/cbk?panoid=Epstdn5mztVcuxcDk2ilsg&output=thumbnail&cb_client=search.TACTILE.gps&thumb=2&w=408&h=240&yaw=238.10692&pitch=0&thumbfov=100,"https://www.google.com/maps/place/Motor+Plus/@-6.2087449,106.7142637,11z/data=!4m8!1m2!2m1!1sperusahaan+di+dekat+graha+matapel+jakarta+barat!3m4!1s0x2e69f71e68dadf2f:0x296e2b5da20fddbd!8m2!3d-6.194635!4d106.768646"
Star Energy,"Wisma Barito,Star Energy Tower,, Jl. Let. Jen S. Parman, Kav 62 - 63, RT.8/RW.4, Slipi, Kec. Palmerah, Kota Jakarta Barat, Daerah Khusus Ibukota Jakarta 11410","Wisma Barito,Star Energy Tower,, Jl. Let. Jen S. Parman, Kav 62 - 63, RT.8/RW.4, Slipi, Kec. Palmerah",Kota Jakarta Barat,Daerah Khusus Ibukota Jakarta,11410,RQ3X+28,starenergy.co.id,(021) 5325828,"-6.1973949, 106.7983652",Perusahaan,,N,"4,4",80,,22,https://lh5.googleusercontent.com/p/AF1QipNUiWP4jeqPJaZqE2eTO3I_tG1rprNcEWEOAFfV=w408-h864-k-no,"https://www.google.com/maps/place/Star+Energy/@-6.2087449,106.7142637,11z/data=!4m8!1m2!2m1!1sperusahaan+di+dekat+graha+matapel+jakarta+barat!3m4!1s0x2e69f6958c61aaa1:0x3f4d26387c1471a1!8m2!3d-6.1973949!4d106.7983652"
Sahabat Utama Group,"No.Kav 76, Jl. Letjen S. Parman, RT.4/RW.3, Slipi, Kec. Palmerah, Kota Jakarta Barat, Daerah Khusus Ibukota Jakarta 11410","No.Kav 76, Jl. Letjen S. Parman, RT.4/RW.3, Slipi, Kec. Palmerah",Kota Jakarta Barat,Daerah Khusus Ibukota Jakarta,11410,RQ5X+M6,,(021) 53666575,"-6.1908083, 106.7980481",Kantor Perusahaan,"Rabu 08.00–17.00,Kamis 08.00–17.00,Jumat 08.00–17.00,Sabtu Tutup,Minggu Tutup,Senin 08.00–17.00,Selasa 08.00–17.00. Sembunyikan jam buka untuk seminggu",N,"4,0",7,,5,https://lh5.googleusercontent.com/p/AF1QipOQU5cT4iwzbkqZCIozMvWHeNURbExvPozwsCPl=w408-h725-k-no,"https://www.google.com/maps/place/Sahabat+Utama+Group/@-6.2087449,106.7142637,11z/data=!4m8!1m2!2m1!1sperusahaan+di+dekat+graha+matapel+jakarta+barat!3m4!1s0x2e69f693bae5c76d:0xf532dd0840986f0e!8m2!3d-6.1908083!4d106.7980481"
PT. Strategic Partner Solution,"Graha Indramas, Jl. Ks. Tubun No.77, RT.14/RW.5, Slipi, Kec. Palmerah, Kota Jakarta Barat, Daerah Khusus Ibukota Jakarta 11410","Graha Indramas, Jl. Ks. Tubun No.77, RT.14/RW.5, Slipi, Kec. Palmerah",Kota Jakarta Barat,Daerah Khusus Ibukota Jakarta,11410,RR22+32,myspsolution.com,(021) 53673270,"-6.199765, 106.800055",Perusahaan,"Rabu 08.00–17.00,Kamis 08.00–17.00,Jumat 08.00–17.00,Sabtu Tutup,Minggu Tutup,Senin 08.00–17.00,Selasa 08.00–17.00. Sembunyikan jam buka untuk seminggu",Y,"4,6",8,,13,https://lh5.googleusercontent.com/p/AF1QipMAHSTQJWk4atI5QvE0ihs7D9M4e_uuCwfTktLQ=w791-h240-k-no,"https://www.google.com/maps/place/PT.+Strategic+Partner+Solution/@-6.2087449,106.7142637,11z/data=!4m8!1m2!2m1!1sperusahaan+di+dekat+graha+matapel+jakarta+barat!3m4!1s0x2e69f6be7bb59f1b:0xbffa6596672310c8!8m2!3d-6.199765!4d106.800055"
PT Lautan Otsuka Chemical,"Graha Indramas 5th Floor AIP II K.S. Tubun Raya No.77, RT.14/RW.5, Slipi, Kec. Palmerah, Kota Jakarta Barat, Daerah Khusus Ibukota Jakarta 11410","Graha Indramas 5th Floor AIP II K.S. Tubun Raya No.77, RT.14/RW.5, Slipi, Kec. Palmerah",Kota Jakarta Barat,Daerah Khusus Ibukota Jakarta,11410,RQ2X+3X,lautanotsuka.com,(021) 53671251,"-6.19979, 106.799943",,"Rabu 08.30–17.30,Kamis 08.30–17.30,Jumat 08.30–17.30,Sabtu Tutup,Minggu Tutup,Senin 08.30–17.30,Selasa 08.30–17.30. Sembunyikan jam buka untuk seminggu",Y,,,,0,https://geo0.ggpht.com/cbk?panoid=HTZ2vtfVw_okG8IKCEsuUA&output=thumbnail&cb_client=search.TACTILE.gps&thumb=2&w=408&h=240&yaw=261.4278&pitch=0&thumbfov=100,"https://www.google.com/maps/place/PT+Lautan+Otsuka+Chemical/@-6.2087449,106.7142637,11z/data=!4m8!1m2!2m1!1sperusahaan+di+dekat+graha+matapel+jakarta+barat!3m4!1s0x2e69f6be7c087e79:0x1561f6d1d6e9cd26!8m2!3d-6.19979!4d106.799943"
PT Pupuk Sriwijaya Kantor Perwakilan Jakarta,"Jl. Taman Anggrek No.17, RT.2/RW.8, Kemanggisan, Kec. Palmerah, Kota Jakarta Barat, Daerah Khusus Ibukota Jakarta 11480","Jl. Taman Anggrek No.17, RT.2/RW.8, Kemanggisan, Kec. Palmerah",Kota Jakarta Barat,Daerah Khusus Ibukota Jakarta,11480,RQ8R+5F,pusri.co.id,(021) 53577923,"-6.1845988, 106.7912212",Kantor Perusahaan,"Rabu 07.30–16.30,Kamis 07.30–16.30,Jumat 07.30–17.00,Sabtu Tutup,Minggu Tutup,Senin 07.30–16.30,Selasa 07.30–16.30. Sembunyikan jam buka untuk seminggu",N,"4,4",77,,23,https://lh5.googleusercontent.com/p/AF1QipMzgZCsrt8Ad5U-wAqATHMd4PfXd45th_iKgY7O=w408-h618-k-no,"https://www.google.com/maps/place/PT+Pupuk+Sriwijaya+Kantor+Perwakilan+Jakarta/@-6.2087449,106.7142637,11z/data=!4m8!1m2!2m1!1sperusahaan+di+dekat+graha+matapel+jakarta+barat!3m4!1s0x2e69f6f2c0e76119:0x8fdc2080848ae078!8m2!3d-6.1845988!4d106.7912212"
"PT Perusahaan Gas Negara, Tbk","7 Graha PGAS Jalan Kyai Haji Zainul Arifin No.20 8 7, RT.8/RW.7, Krukut, Kec. Taman Sari, Kota Jakarta Barat, Daerah Khusus Ibukota Jakarta 11140","7 Graha PGAS Jalan Kyai Haji Zainul Arifin No.20 8 7, RT.8/RW.7, Krukut, Kec. Taman Sari",Kota Jakarta Barat,Daerah Khusus Ibukota Jakarta,11140,RRR8+65,pgn.co.id,(021) 6334838,"-6.1593986, 106.8154228",Perusahaan Gas,"Rabu 07.30–16.00,Kamis 07.30–16.00,Jumat 08.00–16.30,Sabtu Tutup,Minggu Tutup,Senin 07.30–16.00,Selasa 07.30–16.00. Sembunyikan jam buka untuk seminggu",N,"4,6",651,,529,https://lh5.googleusercontent.com/p/AF1QipNI_cFUTzqp5CDD7SXebiDv0PDpre23UkN8JKuR=w408-h725-k-no,"https://www.google.com/maps/place/PT+Perusahaan+Gas+Negara,+Tbk/@-6.2087449,106.7142637,11z/data=!4m8!1m2!2m1!1sperusahaan+di+dekat+graha+matapel+jakarta+barat!3m4!1s0x2e69f674381ee01f:0xf658d3446fa6373e!8m2!3d-6.1593986!4d106.8154228"
Novell Pharmaceutical Laboratories,"Jl. Raya Pos Pengumben No.8, RT.5/RW.5, Sukabumi Sel., Kec. Kb. Jeruk, Kota Jakarta Barat, Daerah Khusus Ibukota Jakarta 11550","Jl. Raya Pos Pengumben No.8, RT.5/RW.5, Sukabumi Sel., Kec. Kb. Jeruk",Kota Jakarta Barat,Daerah Khusus Ibukota Jakarta,11550,QQM8+5W,novellpharm.com,(021) 5355888,"-6.2170203, 106.7673519",Perusahaan Farmasi,"Rabu 08.00–17.00,Kamis 08.00–17.00,Jumat 08.00–17.00,Sabtu Tutup,Minggu Tutup,Senin 08.00–17.00,Selasa 08.00–17.00. Sembunyikan jam buka untuk seminggu",N,"4,7",35,,18,https://lh5.googleusercontent.com/p/AF1QipNgHoPLLmk_A_NOfIwLFKjjlE7jP_4QwXhHOeBU=w408-h671-k-no,"https://www.google.com/maps/place/Novell+Pharmaceutical+Laboratories/@-6.2087449,106.7142637,11z/data=!4m8!1m2!2m1!1sperusahaan+di+dekat+graha+matapel+jakarta+barat!3m4!1s0x2e69f12b3408fc91:0x8ef61944b9352595!8m2!3d-6.2170203!4d106.7673519"
PT. Halim Sakti Pratama,"Jl. Tomang Raya No.4, RT.5/RW.1, Jatipulo, Kec. Palmerah, Kota Jakarta Barat, Daerah Khusus Ibukota Jakarta 11430","Jl. Tomang Raya No.4, RT.5/RW.1, Jatipulo, Kec. Palmerah",Kota Jakarta Barat,Daerah Khusus Ibukota Jakarta,11430,RQCW+9X,halim-sakti.com,(021) 5600400,"-6.1790569, 106.7973903",Pabrik Kimia,"Rabu 08.30–17.30,Kamis 08.30–17.30,Jumat 08.30–17.30,Sabtu Tutup,Minggu Tutup,Senin 08.30–17.30,Selasa 08.30–17.30. Sembunyikan jam buka untuk seminggu",N,"3,4",9,,4,https://lh5.googleusercontent.com/p/AF1QipMUYZBaMWGlCjQv2jArXZfSAHENUrZNO3NqMF1W=w426-h240-k-no,"https://www.google.com/maps/place/PT.+Halim+Sakti+Pratama/@-6.2087449,106.7142637,11z/data=!4m8!1m2!2m1!1sperusahaan+di+dekat+graha+matapel+jakarta+barat!3m4!1s0x2e69f68a12cd8deb:0x532d280267fa3c13!8m2!3d-6.1790569!4d106.7973903"
Nusantara Sakti Group,"Gedung The Victoria Lantai 5-6 Jl. Tomang Raya Kav. 35-37, RT.12/RW.5, Tomang, Kec. Grogol petamburan, Kota Jakarta Barat, Daerah Khusus Ibukota Jakarta 11440","Gedung The Victoria Lantai 5-6 Jl. Tomang Raya Kav. 35-37, RT.12/RW.5, Tomang, Kec. Grogol petamburan",Kota Jakarta Barat,Daerah Khusus Ibukota Jakarta,11440,RRF2+F6,nusantara-sakti.com,(021) 5686666,"-6.1763184, 106.8005977",Kantor Perusahaan,"Rabu 08.30–17.00,Kamis 08.30–17.00,Jumat 08.30–17.00,Sabtu 08.30–12.00,Minggu Tutup,Senin 08.30–17.00,Selasa 08.30–17.00. Sembunyikan jam buka untuk seminggu",Y,"4,3",422,,17,https://lh5.googleusercontent.com/p/AF1QipMRihq2-xv-dVo-If04C-LUeHoehDXk5OjdEYDn=w408-h330-k-no,"https://www.google.com/maps/place/Nusantara+Sakti+Group/@-6.2087449,106.7142637,11z/data=!4m8!1m2!2m1!1sperusahaan+di+dekat+graha+matapel+jakarta+barat!3m4!1s0x2e69f6621a4a2121:0xe6e3f5d9547106ce!8m2!3d-6.1763184!4d106.8005977"
PT Daiti Carbon Nusantara,"Graha Indramas, Jl. Ks. Tubun No.77, RT.14/RW.5, Slipi, Kec. Palmerah, Kota Jakarta Barat, Daerah Khusus Ibukota Jakarta 11410","Graha Indramas, Jl. Ks. Tubun No.77, RT.14/RW.5, Slipi, Kec. Palmerah",Kota Jakarta Barat,Daerah Khusus Ibukota Jakarta,11410,RQ2X+2W,lautan-luas.com,(021) 53696209,"-6.1999322, 106.7998351",,"Rabu 08.00–16.00,Kamis 08.00–16.00,Jumat 08.00–16.00,Sabtu Tutup,Minggu Tutup,Senin 08.00–16.00,Selasa 08.00–16.00. Sembunyikan jam buka untuk seminggu",N,,,,0,https://geo1.ggpht.com/cbk?panoid=PXoT2YLxZWDCvcvz4vFE0A&output=thumbnail&cb_client=search.TACTILE.gps&thumb=2&w=408&h=240&yaw=273.0717&pitch=0&thumbfov=100,"https://www.google.com/maps/place/PT+Daiti+Carbon+Nusantara/@-6.2087449,106.7142637,11z/data=!4m8!1m2!2m1!1sperusahaan+di+dekat+graha+matapel+jakarta+barat!3m4!1s0x2e69f6be7ebbcbd7:0x4321d894b780ca82!8m2!3d-6.1999322!4d106.7998351"
PT. Mindreach Consulting,"Jl. Lapangan Bola No.63, RT.1/RW.5, Kb. Jeruk, Kec. Kembangan, Kota Jakarta Barat, Daerah Khusus Ibukota Jakarta 11530","Jl. Lapangan Bola No.63, RT.1/RW.5, Kb. Jeruk, Kec. Kembangan",Kota Jakarta Barat,Daerah Khusus Ibukota Jakarta,11530,RQ27+XR,mindreachconsulting.com,(021) 22539607,"-6.1975815, 106.7645182",Layanan E-Niaga,"Rabu 08.00–17.00,Kamis 08.00–17.00,Jumat 08.00–17.00,Sabtu Tutup,Minggu Tutup,Senin 08.00–17.00,Selasa 08.00–17.00. Sembunyikan jam buka untuk seminggu",Y,"4,3",126,,9,https://lh5.googleusercontent.com/p/AF1QipMzOu-WkPEK_C3peF6SBPbf9bT6ChH0IkwSiJXY=w408-h544-k-no,"https://www.google.com/maps/place/PT.+Mindreach+Consulting/@-6.2087449,106.7142637,11z/data=!4m8!1m2!2m1!1sperusahaan+di+dekat+graha+matapel+jakarta+barat!3m4!1s0x2e69f718884e6421:0x84eda282ee634935!8m2!3d-6.1975815!4d106.7645182"
Astra World,"Jl. Taman Ratu Indah, RT.11/RW.1, Duri Kepa, Kec. Kb. Jeruk, Kota Jakarta Barat, Daerah Khusus Ibukota Jakarta 11520","Jl. Taman Ratu Indah, RT.11/RW.1, Duri Kepa, Kec. Kb. Jeruk",Kota Jakarta Barat,Daerah Khusus Ibukota Jakarta,11520,RQC8+9W,astra.co.id,0813-8738-1505,"-6.1790689, 106.7672577",,"Rabu Tutup,Kamis Tutup,Jumat Tutup,Sabtu 08.00–07.00,Minggu Tutup,Senin 08.00–07.00,Selasa Tutup. Sembunyikan jam buka untuk seminggu",N,,,,0,https://maps.gstatic.com/tactile/pane/default_geocode-1x.png,"https://www.google.com/maps/place/Astra+World/@-6.2087449,106.7142637,11z/data=!4m8!1m2!2m1!1sperusahaan+di+dekat+graha+matapel+jakarta+barat!3m4!1s0x2e69f7008f20aa17:0xae84fd81075165f2!8m2!3d-6.1790689!4d106.7672577"
Pharos Indonesia Ltd,"Jl Taman Alfa Indah Bl F-7%2F14 Joglo Kembangan Jakarta Barat DKI Jakarta, RT.13/RW.3, Joglo, Kec. Kembangan, Kota Jakarta Barat, Daerah Khusus Ibukota Jakarta 12260","Jl Taman Alfa Indah Bl F-7%2F14 Joglo Kembangan Jakarta Barat DKI Jakarta, RT.13/RW.3, Joglo, Kec. Kembangan",Kota Jakarta Barat,Daerah Khusus Ibukota Jakarta,12260,QQJ3+6M,pharos.co.id,(021) 7397069,"-6.219461, 106.7542329",Perusahaan Farmasi,,N,"5,0",1,,0,https://geo0.ggpht.com/cbk?panoid=ODChA8k3bIi_T56GZBTPjg&output=thumbnail&cb_client=search.TACTILE.gps&thumb=2&w=408&h=240&yaw=253.71529&pitch=0&thumbfov=100,"https://www.google.com/maps/place/Pharos+Indonesia+Ltd/@-6.2087449,106.7142637,11z/data=!4m8!1m2!2m1!1sperusahaan+di+dekat+graha+matapel+jakarta+barat!3m4!1s0x2e69f7334b1e781f:0x1c800048536b3149!8m2!3d-6.219461!4d106.7542329"
IDEA Property Puri Park View,"Apartemen Puri Park View, Tower B, Lantai 1, No. BB-11, Jalan Pesanggrahan Raya no. 88, Meruya Utara, Kembangan, Jakarta Barat, RT.10/RW.5, Meruya Utara, Kec. Kembangan, Kota Jakarta Barat, Daerah Khusus Ibukota Jakarta 11620","Apartemen Puri Park View, Tower B, Lantai 1, No. BB-11, Jalan Pesanggrahan Raya no. 88, Meruya Utara, Kembangan, Jakarta Barat, RT.10/RW.5, Meruya Utara, Kec. Kembangan",Kota Jakarta Barat,Daerah Khusus Ibukota Jakarta,11620,RQ44+XM,ideapropertygroup.com,0851-0275-9000,"-6.1925462, 106.7566777",Perusahaan Manajemen Properti,"Rabu 10.00–18.00,Kamis 10.00–18.00,Jumat 10.00–18.00,Sabtu 10.00–18.00,Minggu 10.00–18.00,Senin 10.00–18.00,Selasa 10.00–18.00. Sembunyikan jam buka untuk seminggu",Y,"4,2",9,,10,https://lh5.googleusercontent.com/p/AF1QipOY6jIkb5TiVNZHj4El_so6zKJ_5nYH2V1iNYVQ=w408-h272-k-no,"https://www.google.com/maps/place/IDEA+Property+Puri+Park+View/@-6.2087449,106.7142637,11z/data=!4m8!1m2!2m1!1sperusahaan+di+dekat+graha+matapel+jakarta+barat!3m4!1s0x2e69f710fd5a9d49:0xdcf873403a791ec1!8m2!3d-6.1925462!4d106.7566777"
PT. Lautan Luas Tbk.,"Graha Indramas, Gedung, Jl. Ks. Tubun No.77, RT.14/RW.5, Slipi, Kec. Palmerah, Kota Jakarta Barat, Daerah Khusus Ibukota Jakarta 11410","Graha Indramas, Gedung, Jl. Ks. Tubun No.77, RT.14/RW.5, Slipi, Kec. Palmerah",Kota Jakarta Barat,Daerah Khusus Ibukota Jakarta,11410,RR22+22,lautan-luas.com,(021) 80660777,"-6.1999481, 106.8000459",Kantor Perusahaan,"Rabu 08.00–17.00,Kamis 08.00–17.00,Jumat 08.00–17.00,Sabtu Tutup,Minggu Tutup,Senin 08.00–17.00,Selasa 08.00–17.00. Sembunyikan jam buka untuk seminggu",Y,"4,3",54,,16,https://lh5.googleusercontent.com/p/AF1QipPmHuIzXmuSampJX9z3FAxUoZZjKgsaYWyQslAr=w408-h612-k-no,"https://www.google.com/maps/place/PT.+Lautan+Luas+Tbk./@-6.2087449,106.7142637,11z/data=!4m8!1m2!2m1!1sperusahaan+di+dekat+graha+matapel+jakarta+barat!3m4!1s0x2e69f697c09a1b3b:0x22b048239df899cb!8m2!3d-6.1999481!4d106.8000459"
PT Gudang Garam Tbk Corporate - Kediri,"Jl. Raya Kb. Jeruk No.63, RT.8/RW.1, Kb. Jeruk, Kec. Kb. Jeruk, Kota Jakarta Barat, Daerah Khusus Ibukota Jakarta 11530","Jl. Raya Kb. Jeruk No.63, RT.8/RW.1, Kb. Jeruk, Kec. Kb. Jeruk",Kota Jakarta Barat,Daerah Khusus Ibukota Jakarta,11530,,gudanggaramtbk.com,(021) 4201806,"-6.1989451, 106.7647823",Kantor Perusahaan,,N,"4,5",4,,0,https://geo1.ggpht.com/cbk?panoid=b0N1vxhHxXekV2DArFVtVA&output=thumbnail&cb_client=search.TACTILE.gps&thumb=2&w=408&h=240&yaw=178.05753&pitch=0&thumbfov=100,"https://www.google.com/maps/place/PT+Gudang+Garam+Tbk+Corporate+-+Kediri/@-6.2087449,106.7142637,11z/data=!4m8!1m2!2m1!1sperusahaan+di+dekat+graha+matapel+jakarta+barat!3m4!1s0x2e69f721ff7861cf:0x25c699d698232014!8m2!3d-6.1989451!4d106.7647823"
PT. Massindo International,"Jl. Meruya Ilir Raya Taman Kb. Jeruk Blk. AIII No.1, RT.4/RW.7, Meruya Sel., Kec. Kembangan, Kota Jakarta Barat, Daerah Khusus Ibukota Jakarta 11610","Jl. Meruya Ilir Raya Taman Kb. Jeruk Blk. AIII No.1, RT.4/RW.7, Meruya Sel., Kec. Kembangan",Kota Jakarta Barat,Daerah Khusus Ibukota Jakarta,11610,,massindo.com,(021) 29223333,"-6.198412, 106.745598",Kantor Perusahaan,"Rabu 08.30–17.00,Kamis 08.30–17.00,Jumat 08.30–17.00,Sabtu 08.30–17.00,Minggu Tutup,Senin 08.30–17.00,Selasa 08.30–17.00. Sembunyikan jam buka untuk seminggu",Y,"4,1",20,,4,https://lh5.googleusercontent.com/p/AF1QipOrRfAChIEj-u7gqsJ5PCpc17lvOhTAKJKq4tTZ=w564-h240-k-no,"https://www.google.com/maps/place/PT.+Massindo+International/@-6.2087449,106.7142637,11z/data=!4m8!1m2!2m1!1sperusahaan+di+dekat+graha+matapel+jakarta+barat!3m4!1s0x2e69f76abe037151:0x2cc328b35d062820!8m2!3d-6.198412!4d106.745598"
BBS,"Jl. Kepa Tim. Raya No.30, RT.1/RW.8, Duri Kepa, Kec. Kb. Jeruk, Kota Jakarta Barat, Daerah Khusus Ibukota Jakarta 11510","Jl. Kepa Tim. Raya No.30, RT.1/RW.8, Duri Kepa, Kec. Kb. Jeruk",Kota Jakarta Barat,Daerah Khusus Ibukota Jakarta,11510,RQCG+6J,,,"-6.1794856, 106.7765941",Kantor Perusahaan,,N,"4,3",4,,0,https://geo2.ggpht.com/cbk?panoid=Gs8Ozb5-fQvKMHcR4omaqQ&output=thumbnail&cb_client=search.TACTILE.gps&thumb=2&w=408&h=240&yaw=216.37512&pitch=0&thumbfov=100,"https://www.google.com/maps/place/BBS/@-6.2087449,106.7142637,11z/data=!4m8!1m2!2m1!1sperusahaan+di+dekat+graha+matapel+jakarta+barat!3m4!1s0x2e69f6ff34a95063:0x77db024a8a78a3d5!8m2!3d-6.1794856!4d106.7765941"
KHP Tubagus Angke PALYJA,"Jl. Tj. Duren Timur IV No.4, RT.8/RW.6, Tj. Duren Sel., Kec. Grogol petamburan, Kota Jakarta Barat, Daerah Khusus Ibukota Jakarta 11470","Jl. Tj. Duren Timur IV No.4, RT.8/RW.6, Tj. Duren Sel., Kec. Grogol petamburan",Kota Jakarta Barat,Daerah Khusus Ibukota Jakarta,11470,RQCM+PX,id.palyja.co.id,(021) 56968301,"-6.1782459, 106.7849592",Perusahaan Daerah Air Minum (PDAM,"Rabu 09.00–15.00,Kamis 09.00–15.00,Jumat 09.00–15.00,Sabtu Tutup,Minggu Tutup,Senin 09.00–15.00,Selasa 09.00–15.00. Sembunyikan jam buka untuk seminggu",N,"1,9",10,,3,https://lh5.googleusercontent.com/p/AF1QipPbHIDWhyrfRidFV8dDIjAk0ks8QKyeJfp2Jrc=w408-h306-k-no,"https://www.google.com/maps/place/KHP+Tubagus+Angke+PALYJA/@-6.2087449,106.7142637,11z/data=!4m8!1m2!2m1!1sperusahaan+di+dekat+graha+matapel+jakarta+barat!3m4!1s0x2e69f6f5d6a9b541:0x90cec721c10251c1!8m2!3d-6.1782459!4d106.7849592"
PT. J.CO Donuts & Coffee (Jhonny Andrean Group),"Grand Intercon, Ruko, Jl. Meruya Ilir Raya No.10, RT.11/RW.6, Meruya Utara, Kec. Kb. Jeruk, Kota Jakarta Barat, Daerah Khusus Ibukota Jakarta 11620","Grand Intercon, Ruko, Jl. Meruya Ilir Raya No.10, RT.11/RW.6, Meruya Utara, Kec. Kb. Jeruk",Kota Jakarta Barat,Daerah Khusus Ibukota Jakarta,11620,RP3X+57,jcodonuts.com,0815-8898-000,"-6.1970569, 106.7481658",Kantor Perusahaan,"Rabu 09.00–18.00,Kamis 09.00–18.00,Jumat 09.00–18.00,Sabtu Tutup,Minggu Tutup,Senin 09.00–18.00,Selasa 09.00–18.00. Sembunyikan jam buka untuk seminggu",Y,"4,1",90,,6,https://lh5.googleusercontent.com/p/AF1QipM4eFy1ZWLnS7oELAp5QyDnpEjureIHzByhW4aZ=w408-h261-k-no,"https://www.google.com/maps/place/PT.+J.CO+Donuts+%26+Coffee+(Jhonny+Andrean+Group)/@-6.2087449,106.7142637,11z/data=!4m8!1m2!2m1!1sperusahaan+di+dekat+graha+matapel+jakarta+barat!3m4!1s0x2e69f7439b93bead:0x551da37348c77fc5!8m2!3d-6.1970569!4d106.7481658"
Kantor KC Proex Jakarta barat,"Kemanggisan Ilir Vb No.04, RT.12/RW.8, Kemanggisan, Kec. Palmerah, Kota Jakarta Barat, Daerah Khusus Ibukota Jakarta 11480","Kemanggisan Ilir Vb No.04, RT.12/RW.8, Kemanggisan, Kec. Palmerah",Kota Jakarta Barat,Daerah Khusus Ibukota Jakarta,11480,RQ7Q+6H,proextracking.com,0815-1433-5537,"-6.1869514, 106.7889792",Kantor Perusahaan,"Rabu 09.00–17.00,Kamis 09.00–17.00,Jumat 09.00–17.00,Sabtu 09.00–17.00,Minggu Tutup,Senin 09.00–17.00,Selasa 09.00–17.00. Sembunyikan jam buka untuk seminggu",N,"5,0",1,,2,https://geo1.ggpht.com/cbk?panoid=cq75XzQI27H821E2_EvPrQ&output=thumbnail&cb_client=search.TACTILE.gps&thumb=2&w=408&h=240&yaw=206.66676&pitch=0&thumbfov=100,"https://www.google.com/maps/place/Kantor+KC+Proex+Jakarta+barat/@-6.2087449,106.7142637,11z/data=!4m8!1m2!2m1!1sperusahaan+di+dekat+graha+matapel+jakarta+barat!3m4!1s0x2e69f6f21a5d16ed:0xf161583650e28c91!8m2!3d-6.1869514!4d106.7889792"
PT.Pasifik Cipta Mandiri,"Komplek Puri Niaga III, Jl. Puri Kencana Blok M8 No.3F, RT.3/RW.7, Kembangan Sel., Kec. Kembangan, Kota Jakarta Barat, Daerah Khusus Ibukota Jakarta 11610","Komplek Puri Niaga III, Jl. Puri Kencana Blok M8 No.3F, RT.3/RW.7, Kembangan Sel., Kec. Kembangan",Kota Jakarta Barat,Daerah Khusus Ibukota Jakarta,11610,RQ53+VG,pcman.co.id,(021) 58351035,"-6.1903004, 106.7538355",Perusahaan Media,"Rabu 08.30–17.30,Kamis 08.30–17.30,Jumat 08.30–17.30,Sabtu Tutup,Minggu Tutup,Senin 08.30–17.30,Selasa 08.30–17.30. Sembunyikan jam buka untuk seminggu",Y,"4,4",14,,0,https://geo2.ggpht.com/cbk?panoid=PBE2tlqKUUxDpi6jDysNyw&output=thumbnail&cb_client=search.TACTILE.gps&thumb=2&w=408&h=240&yaw=349.56967&pitch=0&thumbfov=100,"https://www.google.com/maps/place/PT.Pasifik+Cipta+Mandiri/@-6.2087449,106.7142637,11z/data=!4m8!1m2!2m1!1sperusahaan+di+dekat+graha+matapel+jakarta+barat!3m4!1s0x2e69f7118cf6a37b:0x3c02f3e6e6ca6fa7!8m2!3d-6.1903004!4d106.7538355"
Panca Budi Idaman,"Jl. Peternakan III No.36-37 Kapuk Cengkareng Jakarta Barat DKI Jakarta, RT.3/RW.7, Kapuk, Kecamatan Cengkareng, Kota Jakarta Barat, Daerah Khusus Ibukota Jakarta 11720","Jl. Peternakan III No.36-37 Kapuk Cengkareng Jakarta Barat DKI Jakarta, RT.3/RW.7, Kapuk, Kecamatan Cengkareng",Kota Jakarta Barat,Daerah Khusus Ibukota Jakarta,11720,,pancabudi.com,0812-9252-456,"-6.1470436, 106.7659336",,,N,,,,2,https://lh5.googleusercontent.com/p/AF1QipM15XeXACcXEhyM8XwG4ntmFAdx1WOQjZyI9V1j=w426-h240-k-no,"https://www.google.com/maps/place/Panca+Budi+Idaman/@-6.2087449,106.7142637,11z/data=!4m8!1m2!2m1!1sperusahaan+di+dekat+graha+matapel+jakarta+barat!3m4!1s0x2e69f7d2120a7fbb:0x191ec0fe575ce9a8!8m2!3d-6.1470436!4d106.7659336"
Unifam Tower,"Jl. Panjang, RT.2/RW.7, North Kedoya, Kebonjeruk, West Jakarta City, Jakarta 11520","Jl. Panjang, RT.2/RW.7, North Kedoya, Kebonjeruk",West Jakarta City,Jakarta,11520,RQG8+38,,,"-6.1748036, 106.7657603",Kantor Perusahaan,,N,"4,2",48,,46,https://lh5.googleusercontent.com/p/AF1QipPw9WV_OXts39nzU6lbW1e_E61v3JUY8duGzVhF=w408-h544-k-no,"https://www.google.com/maps/place/Unifam+Tower/@-6.2087449,106.7142637,11z/data=!4m8!1m2!2m1!1sperusahaan+di+dekat+graha+matapel+jakarta+barat!3m4!1s0x2e69f7ae0521b0b3:0x4dd95bcc55589979!8m2!3d-6.1748036!4d106.7657603"
PT Nopco Paper Technology,"Graha Indramas, Jl. Ks. Tubun No.77, RT.14/RW.5, Slipi, Kec. Palmerah, Kota Jakarta Barat, Daerah Khusus Ibukota Jakarta 11410","Graha Indramas, Jl. Ks. Tubun No.77, RT.14/RW.5, Slipi, Kec. Palmerah",Kota Jakarta Barat,Daerah Khusus Ibukota Jakarta,11410,RQ2X+5X,,(021) 5364411,"-6.1995852, 106.7999273",,"Rabu 08.00–16.00,Kamis 08.00–16.00,Jumat 08.00–16.00,Sabtu Tutup,Minggu Tutup,Senin 08.00–16.00,Selasa 08.00–16.00. Sembunyikan jam buka untuk seminggu",N,,,,0,https://geo1.ggpht.com/cbk?panoid=2MbWvEpVMjyOo7bS9qi7fA&output=thumbnail&cb_client=search.TACTILE.gps&thumb=2&w=408&h=240&yaw=326.91748&pitch=0&thumbfov=100,"https://www.google.com/maps/place/PT+Nopco+Paper+Technology/@-6.2087449,106.7142637,11z/data=!4m8!1m2!2m1!1sperusahaan+di+dekat+graha+matapel+jakarta+barat!3m4!1s0x2e69f6be79d16c7b:0xf38c01f30bdb1bb4!8m2!3d-6.1995852!4d106.7999273"
PT. Pulauintan Bajaperkasa Konstruksi,"Jl. Kb. Jambu No.7, RT.8/RW.1, Kapuk, Kecamatan Cengkareng, Kota Jakarta Barat, Daerah Khusus Ibukota Jakarta 11720","Jl. Kb. Jambu No.7, RT.8/RW.1, Kapuk, Kecamatan Cengkareng",Kota Jakarta Barat,Daerah Khusus Ibukota Jakarta,11720,VQ49+3P,pulauintan.com,(021) 5452489,"-6.144761, 106.76937",Perusahaan Konstruksi,"Rabu 08.00–17.00,Kamis 08.00–17.00,Jumat 08.00–17.00,Sabtu 08.00–13.00,Minggu 09.00–19.00,Senin 08.00–17.00,Selasa 08.00–17.00. Sembunyikan jam buka untuk seminggu",Y,"4,3",181,,201,https://lh5.googleusercontent.com/p/AF1QipPQi1eVa9YpLcyO8M6vNRDoBbzV8Nzu1VeDZ9c2=w408-h269-k-no,"https://www.google.com/maps/place/PT.+Pulauintan+Bajaperkasa+Konstruksi/@-6.2087449,106.7142637,11z/data=!4m8!1m2!2m1!1sperusahaan+di+dekat+graha+matapel+jakarta+barat!3m4!1s0x2e69f59a184905c3:0x88d9ed6a99cb9752!8m2!3d-6.144761!4d106.76937"
Jasindo,"Jl. Tj. Duren Barat No.2-P, RT.2/RW.9, Duri Kepa, Kec. Kb. Jeruk, Kota Jakarta Barat, Daerah Khusus Ibukota Jakarta 11510","Jl. Tj. Duren Barat No.2-P, RT.2/RW.9, Duri Kepa, Kec. Kb. Jeruk",Kota Jakarta Barat,Daerah Khusus Ibukota Jakarta,11510,RQGH+H7,,(021) 5689370,"-6.173622, 106.7782152",Perusahaan Asuransi,,N,"5,0",1,,0,https://geo3.ggpht.com/cbk?panoid=WsOaXMQvu1Ip_nup6EnSLg&output=thumbnail&cb_client=search.TACTILE.gps&thumb=2&w=408&h=240&yaw=1.5474339&pitch=0&thumbfov=100,"https://www.google.com/maps/place/Jasindo/@-6.2087449,106.7142637,11z/data=!4m8!1m2!2m1!1sperusahaan+di+dekat+graha+matapel+jakarta+barat!3m4!1s0x2e69f656c6fef827:0x34657d6b53ecfd19!8m2!3d-6.173622!4d106.7782152"
PT. Sinar Mutiara EPC,"Jl. Srengseng Raya No.60, RT.3/RW.3, Srengseng, Kec. Kembangan, Kota Jakarta Barat, Daerah Khusus Ibukota Jakarta 11630","Jl. Srengseng Raya No.60, RT.3/RW.3, Srengseng, Kec. Kembangan",Kota Jakarta Barat,Daerah Khusus Ibukota Jakarta,11630,QQM6+X3,mutiaraepc.com,(021) 58909589,"-6.2150748, 106.7601297",Kantor Perusahaan,"Rabu 08.00–16.00,Kamis 08.00–16.00,Jumat 08.00–16.00,Sabtu 08.00–13.00,Minggu Tutup,Senin 08.00–16.00,Selasa 08.00–16.00. Sembunyikan jam buka untuk seminggu",Y,"5,0",4,,0,https://geo2.ggpht.com/cbk?panoid=57z54HtT_0cJfmTU3dhYuQ&output=thumbnail&cb_client=search.TACTILE.gps&thumb=2&w=408&h=240&yaw=78.11436&pitch=0&thumbfov=100,"https://www.google.com/maps/place/PT.+Sinar+Mutiara+EPC/@-6.2150748,106.6900919,12z/data=!4m8!1m2!2m1!1sperusahaan+di+dekat+graha+matapel+jakarta+barat!3m4!1s0x2e69f72de900da3d:0xd82cf978b3bd7d60!8m2!3d-6.2150748!4d106.7601297"
Talenta by Mekari,"Neo Soho, Podomoro City, Jl Jend, Jl. Letjen S. Parman, RT.3/RW.5, Tj. Duren Utara, Kec. Grogol petamburan, Kota Jakarta Barat, Daerah Khusus Ibukota Jakarta 11470","Neo Soho, Podomoro City, Jl Jend, Jl. Letjen S. Parman, RT.3/RW.5, Tj. Duren Utara, Kec. Grogol petamburan",Kota Jakarta Barat,Daerah Khusus Ibukota Jakarta,11470,RQGQ+3X,talenta.co,(021) 50501500,"-6.1748324, 106.7899324",Perusahaan Software,"Rabu 09.00–17.00,Kamis 09.00–17.00,Jumat 09.00–17.00,Sabtu Tutup,Minggu Tutup,Senin 09.00–17.00,Selasa 09.00–17.00. Sembunyikan jam buka untuk seminggu",N,"4,2",71,,8,https://lh5.googleusercontent.com/p/AF1QipMosbaLbgMm0ggDd3MNdj5EM2mwVv5mWxPsDzeF=w408-h544-k-no,"https://www.google.com/maps/place/Talenta+by+Mekari/@-6.2087587,106.7843124,12z/data=!4m8!1m2!2m1!1sperusahaan+di+dekat+graha+matapel+jakarta+barat!3m4!1s0x2e69f65995dd78ff:0x99a7742c2b22af46!8m2!3d-6.1748324!4d106.7899324"
PT. Farmasi Laurel,"Jl. Kebon Jeruk XVIII No. 6-A Maphar Taman Sari Jakarta Barat DKI Jakarta, RT.8/RW.6, Maphar, Kec. Taman Sari, Kota Jakarta Barat, Daerah Khusus Ibukota Jakarta 11160","Jl. Kebon Jeruk XVIII No. 6-A Maphar Taman Sari Jakarta Barat DKI Jakarta, RT.8/RW.6, Maphar, Kec. Taman Sari",Kota Jakarta Barat,Daerah Khusus Ibukota Jakarta,11160,RRVC+4J,,(021) 6297562,"-6.1572144, 106.8215409",,,N,,,,0,https://geo1.ggpht.com/cbk?panoid=b9Fpy5PgP-jsw9v6KRqyvg&output=thumbnail&cb_client=search.TACTILE.gps&thumb=2&w=408&h=240&yaw=67.00713&pitch=0&thumbfov=100,"https://www.google.com/maps/place/PT.+Farmasi+Laurel/@-6.2087587,106.7843124,12z/data=!4m8!1m2!2m1!1sperusahaan+di+dekat+graha+matapel+jakarta+barat!3m4!1s0x2e69f5de39d4c69d:0xb795a28a156c226f!8m2!3d-6.1572144!4d106.8215409"
Sinar Pancasurya. PT,"Komplek Industri Daan Mogot Prima Jl. Daan Mogot Raya Km. 12.8 Kav. K 9 No. 3, RT.8/RW.2, Rw. Buaya, Kecamatan Cengkareng, Kota Jakarta Barat, Daerah Khusus Ibukota Jakarta 11740","Komplek Industri Daan Mogot Prima Jl. Daan Mogot Raya Km. 12.8 Kav. K 9 No. 3, RT.8/RW.2, Rw. Buaya, Kecamatan Cengkareng",Kota Jakarta Barat,Daerah Khusus Ibukota Jakarta,11740,RPRQ+J4,sps.co.id,(021) 54376076,"-6.1584558, 106.7378016",Perusahaan Pengemasan,,N,"3,4",7,,2,https://lh5.googleusercontent.com/p/AF1QipO1ih6x_VEszZ8e_Yd5ZvjRLP2fG_-NvfhqieaO=w408-h296-k-no,"https://www.google.com/maps/place/Sinar+Pancasurya.+PT/@-6.1584558,106.6677638,12z/data=!4m8!1m2!2m1!1sperusahaan+di+dekat+graha+matapel+jakarta+barat!3m4!1s0x2e69f7edb1765f01:0x2630176b820601e8!8m2!3d-6.1584558!4d106.7378016"
Heinz ABC Indonesia,"8, Jl. Daan Mogot KM. 11 No.5, RT.5/RW.8, Kedaung Kali Angke, Kecamatan Cengkareng, Kota Jakarta Barat, Daerah Khusus Ibukota Jakarta 11710","8, Jl. Daan Mogot KM. 11 No.5, RT.5/RW.8, Kedaung Kali Angke, Kecamatan Cengkareng",Kota Jakarta Barat,Daerah Khusus Ibukota Jakarta,11710,RPVX+FW,heinzabc.co.id,(021) 54389999,"-6.156296, 106.7497721",Kantor Perusahaan,"Rabu 08.00–17.00,Kamis 08.00–17.00,Jumat 08.00–17.00,Sabtu 08.00–12.00,Minggu Tutup,Senin 08.00–17.00,Selasa 08.00–17.00. Sembunyikan jam buka untuk seminggu",N,"4,3",65,,15,https://lh5.googleusercontent.com/p/AF1QipMHgTG1uTjiFscsvsYMogEC3pM9kAHW7Yvjde-V=w408-h544-k-no,"https://www.google.com/maps/place/Heinz+ABC+Indonesia/@-6.2087587,106.7843124,12z/data=!4m8!1m2!2m1!1sperusahaan+di+dekat+graha+matapel+jakarta+barat!3m4!1s0x2e69f7ca1570e24d:0x5446e3829b20129c!8m2!3d-6.156296!4d106.7497721"
PT PGN LNG INDONESIA,"Jl. Kyai H. Zainul Arifin No.20, RT.8/RW.7, Petojo Utara, Kec. Taman Sari, Kota Jakarta Barat, Daerah Khusus Ibukota Jakarta 11140","Jl. Kyai H. Zainul Arifin No.20, RT.8/RW.7, Petojo Utara, Kec. Taman Sari",Kota Jakarta Barat,Daerah Khusus Ibukota Jakarta,11140,RRQ7+RV,pgnlng.co.id,(021) 29037505,"-6.1603897, 106.8147191",Perusahaan Gas,"Rabu 07.30–16.30,Kamis 07.30–16.30,Jumat 08.00–17.00,Sabtu Tutup,Minggu Tutup,Senin 07.30–16.30,Selasa 07.30–16.30. Sembunyikan jam buka untuk seminggu",Y,"4,7",28,,9,https://lh5.googleusercontent.com/p/AF1QipPiz-581JUb9OqDOdpZgDuAtvn3LWGc_IlL3_Jc=w436-h240-k-no,"https://www.google.com/maps/place/PT+PGN+LNG+INDONESIA/@-6.2087587,106.7843124,12z/data=!4m8!1m2!2m1!1sperusahaan+di+dekat+graha+matapel+jakarta+barat!3m4!1s0x2e69f675966dfe73:0xb97b3a5764c8cef7!8m2!3d-6.1603897!4d106.8147191"
BPJS Ketenagakerjaan Jakarta Grogol,"Gedung CIMB Niaga, Jl. Daan Mogot No.95C, RW.5, Duri Kepa, Kec. Kb. Jeruk, Kota Jakarta Barat, Daerah Khusus Ibukota Jakarta 11510","Gedung CIMB Niaga, Jl. Daan Mogot No.95C, RW.5, Duri Kepa, Kec. Kb. Jeruk",Kota Jakarta Barat,Daerah Khusus Ibukota Jakarta,11510,RQPG+97,bpjsketenagakerjaan.go.id,(021) 5664269,"-6.1640113, 106.775721",Perusahaan Asuransi,"Rabu 08.30–15.30,Kamis 08.30–15.30,Jumat 08.30–15.30,Sabtu Tutup,Minggu Tutup,Senin 08.30–15.30,Selasa 08.30–15.30. Sembunyikan jam buka untuk seminggu",N,"4,1",720,,138,https://lh5.googleusercontent.com/p/AF1QipNR4vRyaoaY90IUY8_BzXe9cuu1xPMSN-GL2B7u=w408-h544-k-no,"https://www.google.com/maps/place/BPJS+Ketenagakerjaan+Jakarta+Grogol/@-6.1640113,106.7056832,12z/data=!4m8!1m2!2m1!1sperusahaan+di+dekat+graha+matapel+jakarta+barat!3m4!1s0x2e69f64b450e7c3b:0x7f874cc69546f194!8m2!3d-6.1640113!4d106.775721"
Bangun Nusantara Jayamakmur,"Komplek Jelambar Kavling Polri Blok A-15 No. 359-A, Jelambar, RT.2/RW.1, Jelambar, Kec. Grogol petamburan, Kota Jakarta Barat, Daerah Khusus Ibukota Jakarta 11460","Komplek Jelambar Kavling Polri Blok A-15 No. 359-A, Jelambar, RT.2/RW.1, Jelambar, Kec. Grogol petamburan",Kota Jakarta Barat,Daerah Khusus Ibukota Jakarta,11460,RQQM+FG,,(021) 5668902,"-6.161356, 106.783805",Kantor Perusahaan,,N,"5,0",3,,0,https://geo1.ggpht.com/cbk?panoid=ry3dx-Tfkj7j6Xtrx6o7Uw&output=thumbnail&cb_client=search.TACTILE.gps&thumb=2&w=408&h=240&yaw=196.92053&pitch=0&thumbfov=100,"https://www.google.com/maps/place/Bangun+Nusantara+Jayamakmur/@-6.2087587,106.7843124,12z/data=!4m8!1m2!2m1!1sperusahaan+di+dekat+graha+matapel+jakarta+barat!3m4!1s0x2e69f63995071249:0x369450b65e2b4561!8m2!3d-6.161356!4d106.783805"
Sinar Mutiara Indah. PT,"Jl. Srengseng Raya No.59, RT.6/RW.5, Srengseng, Kec. Kembangan, Kota Jakarta Barat, Daerah Khusus Ibukota Jakarta 11630","Jl. Srengseng Raya No.59, RT.6/RW.5, Srengseng, Kec. Kembangan",Kota Jakarta Barat,Daerah Khusus Ibukota Jakarta,11630,QQM6+X2,,(021) 58909590,"-6.2150822, 106.7601196",Perusahaan Konstruksi,,N,"4,3",18,,7,https://lh5.googleusercontent.com/p/AF1QipO89DHUSihgAlUIPDiQ9lYd_fRK2Fcaj_ATq1y4=w408-h544-k-no,"https://www.google.com/maps/place/Sinar+Mutiara+Indah.+PT/@-6.2150822,106.6900818,12z/data=!4m8!1m2!2m1!1sperusahaan+di+dekat+graha+matapel+jakarta+barat!3m4!1s0x2e69f724d35a0a63:0xef83faff5853c5fa!8m2!3d-6.2150822!4d106.7601196"
PT. PIONEERINDO GOURMET INTERNATIONAL. Tbk,"Jl. Palmerah Utara No.100, RT.1/RW.7, Palmerah, Kec. Palmerah, Kota Jakarta Barat, Daerah Khusus Ibukota Jakarta 11480","Jl. Palmerah Utara No.100, RT.1/RW.7, Palmerah, Kec. Palmerah",Kota Jakarta Barat,Daerah Khusus Ibukota Jakarta,11480,QQVW+78,cfcindonesia.com,(021) 53668999,"-6.2068635, 106.7958541",Kantor Perusahaan,"Rabu 08.30–17.30,Kamis 08.30–17.30,Jumat 08.30–17.30,Sabtu Tutup,Minggu Tutup,Senin 08.30–17.30,Selasa 08.30–17.30. Sembunyikan jam buka untuk seminggu",N,"4,2",59,,3,https://lh5.googleusercontent.com/p/AF1QipNdFOeR_ivAuUoyIxw-Imvso1sEL3aZwLdanSr4=w408-h544-k-no,"https://www.google.com/maps/place/PT.+PIONEERINDO+GOURMET+INTERNATIONAL.+Tbk/@-6.2087587,106.7843124,12z/data=!4m8!1m2!2m1!1sperusahaan+di+dekat+graha+matapel+jakarta+barat!3m4!1s0x2e69f6b86aab9c53:0x1c543665581806e!8m2!3d-6.2068635!4d106.7958541"
Astra Internasional,"Central Park Lt. LG, Jl. Let Jend S Parman, Kav. 28, Tanjung Duren Selatan, Grogol petamburan, RT.12/RW.6, Tj. Duren Sel., Kec. Grogol petamburan, Kota Jakarta Barat, Daerah Khusus Ibukota Jakarta 11440","Central Park Lt. LG, Jl. Let Jend S Parman, Kav. 28, Tanjung Duren Selatan, Grogol petamburan, RT.12/RW.6, Tj. Duren Sel., Kec. Grogol petamburan",Kota Jakarta Barat,Daerah Khusus Ibukota Jakarta,11440,RQFR+CM,astra.co.id,(021) 29312000,"-6.176491, 106.7917014",Kantor Perusahaan,,N,"5,0",2,,3,https://lh5.googleusercontent.com/p/AF1QipNEbdxCb_12l2GysP91FBKre-dMCnXylr0a6uqX=w408-h544-k-no,"https://www.google.com/maps/place/Astra+Internasional/@-6.2087587,106.7843124,12z/data=!4m8!1m2!2m1!1sperusahaan+di+dekat+graha+matapel+jakarta+barat!3m4!1s0x2e69f65fba1aa07d:0xee42d73947a8dca7!8m2!3d-6.176491!4d106.7917014"
PT. Ingredia Sukses Abadi,"Jl. Kedoya Raya No.28A, RT.1/RW.3, Kedoya Sel., Kec. Kb. Jeruk, Kota Jakarta Barat, Daerah Khusus Ibukota Jakarta 11520","Jl. Kedoya Raya No.28A, RT.1/RW.3, Kedoya Sel., Kec. Kb. Jeruk",Kota Jakarta Barat,Daerah Khusus Ibukota Jakarta,11520,RQC4+5X,ingredia.co.id,(021) 58352290,"-6.1795475, 106.7574542",,"Rabu 09.00–17.00,Kamis 09.00–17.00,Jumat 09.00–17.00,Sabtu Tutup,Minggu Tutup,Senin 09.00–17.00,Selasa 09.00–17.00. Sembunyikan jam buka untuk seminggu",Y,,,,2,https://geo2.ggpht.com/cbk?panoid=gTfCtwXytYJHAOQilbyM0A&output=thumbnail&cb_client=search.TACTILE.gps&thumb=2&w=408&h=240&yaw=90.77656&pitch=0&thumbfov=100,"https://www.google.com/maps/place/PT.+Ingredia+Sukses+Abadi/@-6.1795475,106.6874164,12z/data=!4m8!1m2!2m1!1sperusahaan+di+dekat+graha+matapel+jakarta+barat!3m4!1s0x2e69f7a584c2673b:0x3e776d3195292852!8m2!3d-6.1795475!4d106.7574542"
PT MAKMUR META GRAHA DINAMIKA,"Komplek Pergudangan Semanan Megah Kav. 12, Jl. Daan Mogot No.KM. 18, RT.2/RW.4, Semanan, Kec. Kalideres, Kota Jakarta Barat, Daerah Khusus Ibukota Jakarta 11850","Komplek Pergudangan Semanan Megah Kav. 12, Jl. Daan Mogot No.KM. 18, RT.2/RW.4, Semanan, Kec. Kalideres",Kota Jakarta Barat,Daerah Khusus Ibukota Jakarta,11850,RMMR+58,makmurmeta.co.id,(021) 5447796,"-6.167016, 106.6908459",Kantor Perusahaan,,Y,"4,2",13,,4,https://lh5.googleusercontent.com/p/AF1QipNLq0Q60Gg0mdMX0eVbTg2WJiqbYzpDarAkR0U=w426-h240-k-no,"https://www.google.com/maps/place/PT+MAKMUR+META+GRAHA+DINAMIKA/@-6.167016,106.6208081,12z/data=!4m8!1m2!2m1!1sperusahaan+di+dekat+graha+matapel+jakarta+barat!3m4!1s0x2e69f844f9915b7b:0xefc326b2e1cadffd!8m2!3d-6.167016!4d106.6908459"
PT Asuransi Jasa Indonesia KC Jakarta S Parman,"Grand Slipi Tower, Jalan Jend. S. Parman No.22-24, RT.1/RW.4, Palmerah, Kec. Palmerah, Kota Jakarta Barat, Daerah Khusus Ibukota Jakarta 11480","Grand Slipi Tower, Jalan Jend. S. Parman No.22-24, RT.1/RW.4, Palmerah, Kec. Palmerah",Kota Jakarta Barat,Daerah Khusus Ibukota Jakarta,11480,QQXX+J9,jasindo.co.id,(021) 29022245,"-6.2009934, 106.7984956",Perusahaan Asuransi,"Rabu 08.00–17.00,Kamis 08.00–17.00,Jumat 08.00–17.00,Sabtu Tutup,Minggu Tutup,Senin 08.00–17.00,Selasa 08.00–17.00. Sembunyikan jam buka untuk seminggu",N,"4,4",8,,3,https://lh5.googleusercontent.com/p/AF1QipMoQhbkTOKSKSqqMus_H07pn2l3soqkk-Fjop8R=w426-h240-k-no,"https://www.google.com/maps/place/PT+Asuransi+Jasa+Indonesia+KC+Jakarta+S+Parman/@-6.2087587,106.7843124,12z/data=!4m8!1m2!2m1!1sperusahaan+di+dekat+graha+matapel+jakarta+barat!3m4!1s0x2e69f6beed08e463:0x7228540f268927fd!8m2!3d-6.2009934!4d106.7984956"
PT. Honeywell Indonesia,"Graha Muncul Mekar, Jalan Panjang No.27, Kelapa Dua, Kebon Jeruk, RT.1/RW.2, Klp. Dua, Kec. Kb. Jeruk, Kota Jakarta Barat, Daerah Khusus Ibukota Jakarta 11550","Graha Muncul Mekar, Jalan Panjang No.27, Kelapa Dua, Kebon Jeruk, RT.1/RW.2, Klp. Dua, Kec. Kb. Jeruk",Kota Jakarta Barat,Daerah Khusus Ibukota Jakarta,11550,QQRC+5F,honeywell.com,(021) 53652322,"-6.2095463, 106.7711878",Pemasok Peralatan Industri,"Rabu 08.00–17.00,Kamis 08.00–17.00,Jumat 08.00–17.00,Sabtu Tutup,Minggu Tutup,Senin 08.00–17.00,Selasa 08.00–17.00. Sembunyikan jam buka untuk seminggu",N,"2,1",10,,0,https://geo0.ggpht.com/cbk?panoid=lanxPbARYfnV3HyY2dVWEg&output=thumbnail&cb_client=search.TACTILE.gps&thumb=2&w=408&h=240&yaw=95.27804&pitch=0&thumbfov=100,"https://www.google.com/maps/place/PT.+Honeywell+Indonesia/@-6.2095463,106.70115,12z/data=!4m8!1m2!2m1!1sperusahaan+di+dekat+graha+matapel+jakarta+barat!3m4!1s0x2e69f71c8b2babf7:0xe1e253c2c124a51c!8m2!3d-6.2095463!4d106.7711878"
Depot Air 3R,"Jalan Asem Raya No.191, RT009 / RW08, RT.7/RW.8, Duri Kepa, Kec. Kb. Jeruk, Kota Jakarta Barat, Daerah Khusus Ibukota Jakarta 11510","Jalan Asem Raya No.191, RT009 / RW08, RT.7/RW.8, Duri Kepa, Kec. Kb. Jeruk",Kota Jakarta Barat,Daerah Khusus Ibukota Jakarta,11510,RQCG+FW,,0812-9603-1469,"-6.1788183, 106.777296",Perusahaan Daerah Air Minum (PDAM,"Rabu 06.30–21.00,Kamis 06.30–21.00,Jumat 06.30–21.00,Sabtu 06.30–21.00,Minggu 06.30–21.00,Senin 06.30–21.00,Selasa 06.30–21.00. Sembunyikan jam buka untuk seminggu",Y,"4,0",1,,6,https://lh5.googleusercontent.com/p/AF1QipONZbUOaAMDjq7qdNRzktHnd39-WQVlrHXHElto=w426-h240-k-no,"https://www.google.com/maps/place/Depot+Air+3R/@-6.1788183,106.7072582,12z/data=!4m8!1m2!2m1!1sperusahaan+di+dekat+graha+matapel+jakarta+barat!3m4!1s0x2e69f6f8ba06f079:0xd7ea7a11670f230!8m2!3d-6.1788183!4d106.777296"
Indonesia Power Unit Jasa Pemeliharaan,"Jl. Ks. Tubun No.8, RT.6/RW.1, Kota Bambu Sel., Kec. Palmerah, Kota Jakarta Barat, Daerah Khusus Ibukota Jakarta 11420","Jl. Ks. Tubun No.8, RT.6/RW.1, Kota Bambu Sel., Kec. Palmerah",Kota Jakarta Barat,Daerah Khusus Ibukota Jakarta,11420,RR65+QJ,indonesiapower.co.id,(021) 5638666,"-6.1880246, 106.8090748",Kantor Perusahaan,"Rabu 07.00–16.00,Kamis 07.00–16.00,Jumat 07.00–16.00,Sabtu Tutup,Minggu Tutup,Senin 07.00–16.00,Selasa 07.00–16.00. Sembunyikan jam buka untuk seminggu",N,"4,5",70,,26,https://lh5.googleusercontent.com/p/AF1QipPZ8_08YCANyjms7vDsw7sj8SYlVn_-yn3SslSg=w408-h324-k-no,"https://www.google.com/maps/place/Indonesia+Power+Unit+Jasa+Pemeliharaan/@-6.2087587,106.7843124,12z/data=!4m8!1m2!2m1!1sperusahaan+di+dekat+graha+matapel+jakarta+barat!3m4!1s0x2e69f69b1e145b0b:0xe148146f68611abc!8m2!3d-6.1880246!4d106.8090748"
Rukamen,"Graha Mas Blok B no 5, Jl. Perjuangan No.Raya, RT.3/RW.7, Kebon Jeruk, Kebonjeruk, West Jakarta City, Jakarta 11530","Graha Mas Blok B no 5, Jl. Perjuangan No.Raya, RT.3/RW.7, Kebon Jeruk, Kebonjeruk",West Jakarta City,Jakarta,11530,RQ56+PF,rukamen.com,0812-1212-3503,"-6.1907313, 106.7612369",Perusahaan Software,"Rabu 09.00–17.00,Kamis 09.00–17.00,Jumat 09.00–17.00,Sabtu Tutup,Minggu Tutup,Senin 09.00–17.00,Selasa 09.00–17.00. Sembunyikan jam buka untuk seminggu",Y,"4,3",6,,4,https://lh5.googleusercontent.com/p/AF1QipM12lfi9NlHW6ZTBwu-p9_mxxfHt1ADGlOkdRk8=w457-h240-k-no,"https://www.google.com/maps/place/Rukamen/@-6.1907313,106.6911991,12z/data=!4m8!1m2!2m1!1sperusahaan+di+dekat+graha+matapel+jakarta+barat!3m4!1s0x2e69f71af10306dd:0xff7c7a438eb0d2e7!8m2!3d-6.1907313!4d106.7612369"
PT. Sadhana Ekapraya Amitra,"JL RAYA PERJUANGAN, GRAHAMAS BLOK B NO.20-21, RT.3/RW.7, Kb. Jeruk, Kec. Kb. Jeruk, Kota Jakarta Barat, Daerah Khusus Ibukota Jakarta 11530","JL RAYA PERJUANGAN, GRAHAMAS BLOK B NO.20-21, RT.3/RW.7, Kb. Jeruk, Kec. Kb. Jeruk",Kota Jakarta Barat,Daerah Khusus Ibukota Jakarta,11530,RQ56+HH,sadhanas.co.id,(021) 53654135,"-6.1910469, 106.7614001",Pemasok Kulkas Komersial,"Rabu 08.30–17.30,Kamis 08.30–17.30,Jumat 08.30–17.30,Sabtu Tutup,Minggu Tutup,Senin 08.30–17.30,Selasa 08.30–17.30. Sembunyikan jam buka untuk seminggu",Y,"5,0",8,,2,https://lh5.googleusercontent.com/p/AF1QipP6GSmacA9EsgOPPHqTjrMXugRaCvHo0ZJ9BV0=w426-h240-k-no,"https://www.google.com/maps/place/PT.+Sadhana+Ekapraya+Amitra/@-6.2087587,106.7843124,12z/data=!4m8!1m2!2m1!1sperusahaan+di+dekat+graha+matapel+jakarta+barat!3m4!1s0x2e69f71b0260b62f:0x8b9992c6373f8c97!8m2!3d-6.1910469!4d106.7614001"
PT. Marguna Tarulata Astagina Pilkita Farma,"Rukan Kencana Niaga, Jl. Taman Aries Blok D1 No.2N, RT.6/RW.6, Meruya Utara, Kec. Kembangan, Kota Jakarta Barat, Daerah Khusus Ibukota Jakarta 11620","Rukan Kencana Niaga, Jl. Taman Aries Blok D1 No.2N, RT.6/RW.6, Meruya Utara, Kec. Kembangan",Kota Jakarta Barat,Daerah Khusus Ibukota Jakarta,11620,RP5W+7J,,(021) 58903615,"-6.1917866, 106.7465926",Perusahaan Farmasi,"Rabu 08.00–17.00,Kamis 08.00–17.00,Jumat 08.00–17.00,Sabtu Tutup,Minggu Tutup,Senin 08.00–17.00,Selasa 08.00–17.00. Sembunyikan jam buka untuk seminggu",N,"5,0",1,,3,https://lh6.googleusercontent.com/proxy/sLgHx-2nIGc5R9FGqSlxUXdBX3r_frKaiAqT1oX5mz7U417T8qNuoHRYCg7vG0l4716cRT4DeTMGlGuRla_MqJPxmEahE2rm-d-_8UWeJGNOeO5x_ZK9maVZ9sfHArYVVQ83pf1cNo_gpmMC96fjPBe5jg=w408-h543-k-no,"https://www.google.com/maps/place/PT.+Marguna+Tarulata+Astagina+Pilkita+Farma/@-6.1917866,106.6765548,12z/data=!4m8!1m2!2m1!1sperusahaan+di+dekat+graha+matapel+jakarta+barat!3m4!1s0x2e69f76cd72a412f:0xbb5a0b0cd3bf4bb4!8m2!3d-6.1917866!4d106.7465926"
CV. Multi Indo Plastik,"Jl. Lapangan Bola No.34B, RT.4/RW.10, Kb. Jeruk, Kec. Kb. Jeruk, Kota Jakarta Barat, Daerah Khusus Ibukota Jakarta 11530","Jl. Lapangan Bola No.34B, RT.4/RW.10, Kb. Jeruk, Kec. Kb. Jeruk",Kota Jakarta Barat,Daerah Khusus Ibukota Jakarta,11530,RQ39+63,multiindoplastik.com,0812-8887-1078,"-6.196877, 106.7676674",Pabrik Plastik,"Rabu 09.00–17.00,Kamis 09.00–17.00,Jumat 09.00–17.00,Sabtu 09.00–15.00,Minggu Tutup,Senin 09.00–17.00,Selasa 09.00–17.00. Sembunyikan jam buka untuk seminggu",Y,"5,0",1,,5,https://lh5.googleusercontent.com/p/AF1QipMSgLfDLgGYT0hwRIEiA1IcBEA7bS1iRHIcMm-g=w408-h408-k-no,"https://www.google.com/maps/place/CV.+Multi+Indo+Plastik/@-6.196877,106.6976296,12z/data=!4m8!1m2!2m1!1sperusahaan+di+dekat+graha+matapel+jakarta+barat!3m4!1s0x2e69f7af192df127:0x6417b4f9d1b85f7!8m2!3d-6.196877!4d106.7676674"
Wintermar,"Jl. Raya Kby. Lama No.155, Sukabumi Sel., Kec. Kb. Jeruk, Kota Jakarta Barat, Daerah Khusus Ibukota Jakarta 11560","Jl. Raya Kby. Lama No.155, Sukabumi Sel., Kec. Kb. Jeruk",Kota Jakarta Barat,Daerah Khusus Ibukota Jakarta,11560,QQGH+X7,wintermar.com,(021) 5305202,"-6.2225771, 106.7781697",Jasa Pengiriman,"Rabu 08.30–17.30,Kamis 08.30–17.30,Jumat 08.30–17.30,Sabtu Tutup,Minggu Tutup,Senin 08.30–17.30,Selasa 08.30–17.30. Sembunyikan jam buka untuk seminggu",N,"4,5",135,,35,https://lh5.googleusercontent.com/p/AF1QipMtkGCSv1v95Nwd-j41N0cnIw8EycdisK-k5e72=w408-h544-k-no,"https://www.google.com/maps/place/Wintermar/@-6.2087587,106.7843124,12z/data=!4m8!1m2!2m1!1sperusahaan+di+dekat+graha+matapel+jakarta+barat!3m4!1s0x2e69f6d31334aaa7:0x5c61fa45ce3166cb!8m2!3d-6.2225771!4d106.7781697"
graha interarts,"Jl. Raya Pos Pengumben No.50, RT.7/RW.5, Sukabumi Sel., Kec. Kb. Jeruk, Kota Jakarta Barat, Daerah Khusus Ibukota Jakarta 11560","Jl. Raya Pos Pengumben No.50, RT.7/RW.5, Sukabumi Sel., Kec. Kb. Jeruk",Kota Jakarta Barat,Daerah Khusus Ibukota Jakarta,11560,QQM9+7F,,,"-6.2168437, 106.7687061",,,N,,,,0,https://geo3.ggpht.com/cbk?panoid=m2A-bhnIeyCoqRW_YYBHWg&output=thumbnail&cb_client=search.TACTILE.gps&thumb=2&w=408&h=240&yaw=174.21077&pitch=0&thumbfov=100,"https://www.google.com/maps/place/graha+interarts/@-6.2168437,106.6986683,12z/data=!4m8!1m2!2m1!1sperusahaan+di+dekat+graha+matapel+jakarta+barat!3m4!1s0x2e69f7dbedad5497:0x14e726f8032ab6a!8m2!3d-6.2168437!4d106.7687061"
Optik Melawai HO,"Jl. Aipda Karel Satsuit Tubun No.72, RT.1/RW.1, Slipi, Kec. Palmerah, Kota Jakarta Barat, Daerah Khusus Ibukota Jakarta 11410","Jl. Aipda Karel Satsuit Tubun No.72, RT.1/RW.1, Slipi, Kec. Palmerah",Kota Jakarta Barat,Daerah Khusus Ibukota Jakarta,11410,RR54+QC,optikmelawai.com,(021) 5306956,"-6.1905933, 106.8061219",Kantor Perusahaan,"Rabu 08.00–17.00,Kamis 08.00–17.00,Jumat 08.00–17.00,Sabtu Tutup,Minggu Tutup,Senin 08.00–17.00,Selasa 08.00–17.00. Sembunyikan jam buka untuk seminggu",N,"4,4",51,,14,https://lh5.googleusercontent.com/p/AF1QipMSFGXW2gp3PmQRD8BsOBNHchwjByoT-euetr09=w408-h544-k-no,"https://www.google.com/maps/place/Optik+Melawai+HO/@-6.2087587,106.7843124,12z/data=!4m8!1m2!2m1!1sperusahaan+di+dekat+graha+matapel+jakarta+barat!3m4!1s0x2e69f697c74c79fb:0x8ef5decfa38999b!8m2!3d-6.1905933!4d106.8061219"
Catra Nusantara Bersama,"Jl. Tomang Raya No.8-C, RT.5/RW.1, Jatipulo, Kec. Palmerah, Kota Jakarta Barat, Daerah Khusus Ibukota Jakarta 11430","Jl. Tomang Raya No.8-C, RT.5/RW.1, Jatipulo, Kec. Palmerah",Kota Jakarta Barat,Daerah Khusus Ibukota Jakarta,11430,RRF2+69,,(021) 5602588,"-6.1768936, 106.8009782",Pabrik Kimia,,N,"5,0",1,,2,https://lh5.googleusercontent.com/p/AF1QipNDgrMEtLGFTw6dBMXiLSN1xUDTa_w8ZCgre3rt=w408-h725-k-no,"https://www.google.com/maps/place/Catra+Nusantara+Bersama/@-6.2087587,106.7843124,12z/data=!4m8!1m2!2m1!1sperusahaan+di+dekat+graha+matapel+jakarta+barat!3m4!1s0x2e69f66208c9ad3f:0x14126a9561f21db0!8m2!3d-6.1768936!4d106.8009782"
PT. TIRTA INVESTAMA,"11710, Jl. Daan Mogot KM. 11 No.10, RT.1/RW.8, Kedaung Kali Angke, Kecamatan Cengkareng, Kota Jakarta Barat, Daerah Khusus Ibukota Jakarta 11730","11710, Jl. Daan Mogot KM. 11 No.10, RT.1/RW.8, Kedaung Kali Angke, Kecamatan Cengkareng",Kota Jakarta Barat,Daerah Khusus Ibukota Jakarta,11730,RQR5+Q8,,(021) 48216797,"-6.1581208, 106.7582833",Kantor Perusahaan,"Rabu 07.00–17.00,Kamis 07.00–17.00,Jumat 07.00–17.00,Sabtu Tutup,Minggu Tutup,Senin 07.00–17.00,Selasa 07.00–17.00. Sembunyikan jam buka untuk seminggu",N,"4,6",27,,24,https://lh5.googleusercontent.com/p/AF1QipP0_uiCtAOXvxl5u20dzJaHj5sNaea376Sqxq00=w408-h544-k-no,"https://www.google.com/maps/place/PT.+TIRTA+INVESTAMA/@-6.1581208,106.6882455,12z/data=!4m8!1m2!2m1!1sperusahaan+di+dekat+graha+matapel+jakarta+barat!3m4!1s0x2e69f7c7f87e8c6d:0xe7a3ca134825bd01!8m2!3d-6.1581208!4d106.7582833"
Mekari Commercial Office,"Neo Soho Capital, Letjen S. Parman St No.Kav. 28, RT.3/RW.5, South Tanjung Duren, Grogol petamburan, West Jakarta City, Jakarta 11470","Neo Soho Capital, Letjen S. Parman St No.Kav. 28, RT.3/RW.5, South Tanjung Duren, Grogol petamburan",West Jakarta City,Jakarta,11470,RQGQ+5R,,(021) 50501500,"-6.1745436, 106.7896136",Kantor Perusahaan,"Rabu 08.00–18.00,Kamis 08.00–18.00,Jumat 08.00–18.00,Sabtu Tutup,Minggu Tutup,Senin 08.00–18.00,Selasa 08.00–18.00. Sembunyikan jam buka untuk seminggu",N,"5,0",2,,0,https://geo3.ggpht.com/cbk?panoid=MtDnWgO3-G46BLpLmCN9DQ&output=thumbnail&cb_client=search.TACTILE.gps&thumb=2&w=408&h=240&yaw=75.09646&pitch=0&thumbfov=100,"https://www.google.com/maps/place/Mekari+Commercial+Office/@-6.2087587,106.7843124,12z/data=!4m8!1m2!2m1!1sperusahaan+di+dekat+graha+matapel+jakarta+barat!3m4!1s0x2e69f766ec31e56f:0xf2d06491586347ca!8m2!3d-6.1745436!4d106.7896136"
ALBÉA INDONESIA,"Wisma Sejahtera, Basement Suite 1-B, JL Letjen S. Parman Kav 75 Slipi, Jakarta Barat, RT.4/RW.3, Slipi, Kec. Palmerah, Kota Jakarta Barat, Daerah Khusus Ibukota Jakarta 11410","Wisma Sejahtera, Basement Suite 1-B, JL Letjen S. Parman Kav 75 Slipi, Jakarta Barat, RT.4/RW.3, Slipi, Kec. Palmerah",Kota Jakarta Barat,Daerah Khusus Ibukota Jakarta,11410,RQ5X+C5,albea-group.id,(021) 5324323,"-6.191446, 106.797985",,"Rabu 09.00–17.00,Kamis 09.00–17.00,Jumat 09.00–17.00,Sabtu Tutup,Minggu 09.00–17.00,Senin 09.00–17.00,Selasa 09.00–17.00. Sembunyikan jam buka untuk seminggu",Y,,,,5,https://lh5.googleusercontent.com/p/AF1QipN6RK7gJVuSEMJnP-ND9nLoH4CUy9SbSTSuqE16=w408-h407-k-no,"https://www.google.com/maps/place/ALB%C3%89A+INDONESIA/@-6.2087587,106.7843124,12z/data=!4m8!1m2!2m1!1sperusahaan+di+dekat+graha+matapel+jakarta+barat!3m4!1s0x2e69f693979a8a09:0x21d2ce88c638b938!8m2!3d-6.191446!4d106.797985"
Sinar Jaya,"No. 54D Grogol Petamburan, Jl. Tanjung Duren Barat No.1, RT.10/RW.4, Tj. Duren Utara, Kec. Grogol petamburan, Kota Jakarta Barat, Daerah Khusus Ibukota Jakarta 11470","No. 54D Grogol Petamburan, Jl. Tanjung Duren Barat No.1, RT.10/RW.4, Tj. Duren Utara, Kec. Grogol petamburan",Kota Jakarta Barat,Daerah Khusus Ibukota Jakarta,11470,RQGH+7X,,(021) 5685927,"-6.174334, 106.779975",,"Rabu 08.30–16.30,Kamis 08.30–16.30,Jumat 08.30–16.30,Sabtu 08.30–16.30,Minggu Tutup,Senin 08.30–16.30,Selasa 08.30–16.30. Sembunyikan jam buka untuk seminggu",Y,,,,3,https://lh5.googleusercontent.com/p/AF1QipPvUCf2ew04lFZiy8781eKOq20ie3M8BwRdAf1Y=w408-h306-k-no,"https://www.google.com/maps/place/Sinar+Jaya/@-6.174334,106.7099372,12z/data=!4m8!1m2!2m1!1sperusahaan+di+dekat+graha+matapel+jakarta+barat!3m4!1s0x2e69f65719615b11:0x3609ebe8bfc1fd89!8m2!3d-6.174334!4d106.779975"
PT. BASF Indonesia,"Jl. Daan Mogot KM.14, RT.1/RW.6, Duri Kosambi, Kecamatan Cengkareng, Kota Jakarta Barat, Daerah Khusus Ibukota Jakarta 11730","Jl. Daan Mogot KM.14, RT.1/RW.6, Duri Kosambi, Kecamatan Cengkareng",Kota Jakarta Barat,Daerah Khusus Ibukota Jakarta,11730,RPWF+FG,basf.com,(021) 29392200,"-6.1538313, 106.7238199",Pabrik Kimia,"Rabu 08.00–17.00,Kamis 08.00–17.00,Jumat 08.00–17.00,Sabtu Tutup,Minggu Tutup,Senin 08.00–17.00,Selasa 08.00–17.00. Sembunyikan jam buka untuk seminggu",N,"3,7",21,,9,https://lh5.googleusercontent.com/p/AF1QipO9mIWe6wGEUKps8jpgm-D8fvCrPHbYuAnFOHJC=w408-h306-k-no,"https://www.google.com/maps/place/PT.+BASF+Indonesia/@-6.1538313,106.6537821,12z/data=!4m8!1m2!2m1!1sperusahaan+di+dekat+graha+matapel+jakarta+barat!3m4!1s0x2e69f7f61e136095:0xf5f444c1686ecc0a!8m2!3d-6.1538313!4d106.7238199"
PT. Chandra Asri Petrochemical,"Wisma Barito Pacific, Letjen S. Parman St No.Kav. 62 - 63, RT.1/RW.4, Slipi, Palmerah, West Jakarta City, Jakarta 11480","Wisma Barito Pacific, Letjen S. Parman St No.Kav. 62 - 63, RT.1/RW.4, Slipi, Palmerah",West Jakarta City,Jakarta,11480,RQ3X+49,chandra-asri.com,(021) 5307950,"-6.1972192, 106.7984166",Pabrik Kimia,,Y,"3,7",17,,0,https://geo3.ggpht.com/cbk?panoid=8UvGD3gL1Cw22CMceV3fHA&output=thumbnail&cb_client=search.TACTILE.gps&thumb=2&w=408&h=240&yaw=86.70428&pitch=0&thumbfov=100,"https://www.google.com/maps/place/PT.+Chandra+Asri+Petrochemical/@-6.2087587,106.7843124,12z/data=!4m8!1m2!2m1!1sperusahaan+di+dekat+graha+matapel+jakarta+barat!3m4!1s0x2e69f6958c93e56b:0x6cd6b0d777198add!8m2!3d-6.1972192!4d106.7984166"
PT. CITY NEONINDO INDAH MURNI,"Jl. Widara No.17, RT.9/RW.7, Wijaya Kusuma, Kec. Grogol petamburan, Kota Jakarta Barat, Daerah Khusus Ibukota Jakarta 11460","Jl. Widara No.17, RT.9/RW.7, Wijaya Kusuma, Kec. Grogol petamburan",Kota Jakarta Barat,Daerah Khusus Ibukota Jakarta,11460,RQXG+6M,cityneonindo.com,(021) 5688630,"-6.1519256, 106.7766263",Kantor Perusahaan,,N,"3,8",5,,4,https://geo0.ggpht.com/cbk?panoid=WCL8dfq1cm46KET9Ap3i8w&output=thumbnail&cb_client=search.TACTILE.gps&thumb=2&w=408&h=240&yaw=90.87147&pitch=0&thumbfov=100,"https://www.google.com/maps/place/PT.+CITY+NEONINDO+INDAH+MURNI/@-6.1519256,106.7065885,12z/data=!4m8!1m2!2m1!1sperusahaan+di+dekat+graha+matapel+jakarta+barat!3m4!1s0x2e69f633de5e3cf1:0x281086faf48df23a!8m2!3d-6.1519256!4d106.7766263"
PT. GRAHA KARYA INFORMASI,"Bellagio Residence & Mall Unit OG-29, Jl. Mega Kuningan Barat Kav E4.3, Setiabudi, RT.5/RW.2, Kuningan, Kuningan Tim., Setia Budi, Kota Jakarta Selatan, Daerah Khusus Ibukota Jakarta 12950","Bellagio Residence & Mall Unit OG-29, Jl. Mega Kuningan Barat Kav E4.3, Setiabudi, RT.5/RW.2, Kuningan, Kuningan Tim., Setia Budi",Kota Jakarta Selatan,Daerah Khusus Ibukota Jakarta,12950,QRCF+VM,grahakarya.com,(021) 30066518,"-6.2278013, 106.8241581",Kantor Perusahaan,"Rabu 08.00–17.00,Kamis 08.00–17.00,Jumat 08.00–17.00,Sabtu Tutup,Minggu Tutup,Senin 08.00–17.00,Selasa 08.00–17.00. Sembunyikan jam buka untuk seminggu",N,"4,1",37,,9,https://lh5.googleusercontent.com/p/AF1QipO2KAL8kNvGvgBz3IvBWMoGCqTTyAOAVcpV0sq6=w408-h544-k-no,"https://www.google.com/maps/place/PT.+GRAHA+KARYA+INFORMASI/@-6.2087587,106.7843124,12z/data=!4m8!1m2!2m1!1sperusahaan+di+dekat+graha+matapel+jakarta+barat!3m4!1s0x2e69f3e4ac1b1555:0x7ad17e62e00f7c95!8m2!3d-6.2278013!4d106.8241581"
PT.FORCE QUALITY SOLUTION JAKARTA BARAT,"RT.2/RW.10, Ps. Manggis, Setia Budi, Kota Jakarta Selatan, Daerah Khusus Ibukota Jakarta 12970","RT.2/RW.10, Ps. Manggis, Setia Budi",Kota Jakarta Selatan,Daerah Khusus Ibukota Jakarta,12970,QRRW+F6,,,"-6.2087634, 106.845599",Kantor Perusahaan,,N,"5,0",1,,0,https://geo1.ggpht.com/cbk?panoid=Ct8QbLyoLQeE2HZVhlamUA&output=thumbnail&cb_client=search.TACTILE.gps&thumb=2&w=408&h=240&yaw=14.471024&pitch=0&thumbfov=100,"https://www.google.com/maps/place/PT.FORCE+QUALITY+SOLUTION+JAKARTA+BARAT/@-6.2087587,106.7843124,12z/data=!4m8!1m2!2m1!1sperusahaan+di+dekat+graha+matapel+jakarta+barat!3m4!1s0x2e69f4724ba0f387:0xfddb062621bb981d!8m2!3d-6.2087634!4d106.845599"
Inti Plastik Aneka Karet,"Jl. Meruya Ilir Raya No.8 D, RT.5/RW.8, Srengseng, Kec. Kembangan, Kota Jakarta Barat, Daerah Khusus Ibukota Jakarta 11620","Jl. Meruya Ilir Raya No.8 D, RT.5/RW.8, Srengseng, Kec. Kembangan",Kota Jakarta Barat,Daerah Khusus Ibukota Jakarta,11620,RP2X+X8,,(021) 5841819,"-6.197622, 106.748325",,,N,,,,0,https://geo3.ggpht.com/cbk?panoid=EHA6Tn9d0VSm5nfSxH63pQ&output=thumbnail&cb_client=search.TACTILE.gps&thumb=2&w=408&h=240&yaw=178.08957&pitch=0&thumbfov=100,"https://www.google.com/maps/place/Inti+Plastik+Aneka+Karet/@-6.197622,106.6782872,12z/data=!4m8!1m2!2m1!1sperusahaan+di+dekat+graha+matapel+jakarta+barat!3m4!1s0x2e69f76ab673cd6d:0x2151430e72f1f5!8m2!3d-6.197622!4d106.748325"
PT Graha Inti Kreasindo,"RT.1/RW.12, Cengkareng Bar., Kecamatan Cengkareng, Kota Jakarta Barat, Daerah Khusus Ibukota Jakarta 11730","RT.1/RW.12, Cengkareng Bar., Kecamatan Cengkareng",Kota Jakarta Barat,Daerah Khusus Ibukota Jakarta,11730,VPCH+8Q,gik.co.id,(021) 22557169,"-6.129239, 106.7294509",Kantor Perusahaan,"Rabu 08.00–18.00,Kamis 08.00–18.00,Jumat 08.00–18.00,Sabtu Tutup,Minggu Tutup,Senin 08.00–18.00,Selasa 08.00–18.00. Sembunyikan jam buka untuk seminggu",Y,"4,5",4,,4,https://lh5.googleusercontent.com/p/AF1QipNLc1OlqIn9xjAwNfs1qCkcaWoCXej50y24rdg=w408-h413-k-no,"https://www.google.com/maps/place/PT+Graha+Inti+Kreasindo/@-6.129239,106.6594131,12z/data=!4m8!1m2!2m1!1sperusahaan+di+dekat+graha+matapel+jakarta+barat!3m4!1s0x2e6a1d51f63565a9:0x689eb0bc134d87ec!8m2!3d-6.129239!4d106.7294509"
PT. Cahayasurya Indahbusana,"Jl. Kali Anyar I No.15A, RT.14/RW.6, Kali Anyar, Kec. Tambora, Kota Jakarta Barat, Daerah Khusus Ibukota Jakarta 11310","Jl. Kali Anyar I No.15A, RT.14/RW.6, Kali Anyar, Kec. Tambora",Kota Jakarta Barat,Daerah Khusus Ibukota Jakarta,11310,RQVX+VJ,,(021) 6317295,"-6.1552545, 106.7990226",Kantor Perusahaan,"Rabu 08.00–17.00,Kamis 08.00–17.00,Jumat 08.00–17.00,Sabtu Tutup,Minggu Tutup,Senin 08.00–17.00,Selasa 08.00–17.00. Sembunyikan jam buka untuk seminggu",Y,"4,1",39,,6,https://lh5.googleusercontent.com/p/AF1QipM5WbgDNqmfbE_pDFkNcZdBAwkfirpdE5n22aOL=w426-h240-k-no,"https://www.google.com/maps/place/PT.+Cahayasurya+Indahbusana/@-6.2087587,106.7843124,12z/data=!4m8!1m2!2m1!1sperusahaan+di+dekat+graha+matapel+jakarta+barat!3m4!1s0x2e69f61493c8496f:0x2a837ce0aa7b87f0!8m2!3d-6.1552545!4d106.7990226"
DEPOT AIR MINUM ISI ULANG ARJIYAS,"Jl. Cempaka Raya, RT.3/RW.12, Rw. Buaya, Kecamatan Cengkareng, Kota Jakarta Barat, Daerah Khusus Ibukota Jakarta 11740","Jl. Cempaka Raya, RT.3/RW.12, Rw. Buaya, Kecamatan Cengkareng",Kota Jakarta Barat,Daerah Khusus Ibukota Jakarta,11740,RPQW+P5,business.google.com,0812-1018-7439,"-6.160709, 106.745476",,"Rabu 08.00–20.00,Kamis 08.00–20.00,Jumat 08.00–20.00,Sabtu 08.00–20.00,Minggu 08.00–20.00,Senin 08.00–20.00,Selasa 08.00–20.00. Sembunyikan jam buka untuk seminggu",Y,,,,4,https://lh5.googleusercontent.com/p/AF1QipMsWfAaPIeLBISxlCWX4zEJ6Ko224LZSaB-b74Y=w408-h306-k-no,"https://www.google.com/maps/place/DEPOT+AIR+MINUM+ISI+ULANG+ARJIYAS/@-6.160709,106.6754382,12z/data=!4m8!1m2!2m1!1sperusahaan+di+dekat+graha+matapel+jakarta+barat!3m4!1s0x2e69f7950c951d3b:0xa19f30123f26b450!8m2!3d-6.160709!4d106.745476"
Bumi Baik,"Jl. Perumahan Intercon Kb. Jeruk Blok F No.23, RT.1/RW.9, Srengseng, Kec. Kembangan, Kota Jakarta Barat, Daerah Khusus Ibukota Jakarta 11630","Jl. Perumahan Intercon Kb. Jeruk Blok F No.23, RT.1/RW.9, Srengseng, Kec. Kembangan",Kota Jakarta Barat,Daerah Khusus Ibukota Jakarta,11630,,,(021) 5857384,"-6.198187, 106.7466509",,,N,,,,0,https://maps.gstatic.com/tactile/pane/default_geocode-1x.png,"https://www.google.com/maps/place/Bumi+Baik/@-6.2087587,106.7843124,12z/data=!4m8!1m2!2m1!1sperusahaan+di+dekat+graha+matapel+jakarta+barat!3m4!1s0x2e69f76ab673cd6d:0x5572fe4c53856c81!8m2!3d-6.198187!4d106.7466509"
Gedung Graha PGAS,"Komplek Perkantoran PGN, Jl. Kyai H. Zainul Arifin No.20, RT.8/RW.7, Krukut, Kec. Taman Sari, Kota Jakarta Barat, Daerah Khusus Ibukota Jakarta 10130","Komplek Perkantoran PGN, Jl. Kyai H. Zainul Arifin No.20, RT.8/RW.7, Krukut, Kec. Taman Sari",Kota Jakarta Barat,Daerah Khusus Ibukota Jakarta,10130,RRR8+62,,,"-6.1594522, 106.8150865",,,N,,,,0,https://geo0.ggpht.com/cbk?panoid=tVIZMMkCzNmzz2rlu8n_pg&output=thumbnail&cb_client=search.TACTILE.gps&thumb=2&w=408&h=240&yaw=161.5809&pitch=0&thumbfov=100,"https://www.google.com/maps/place/Gedung+Graha+PGAS/@-6.2087587,106.7843124,12z/data=!4m8!1m2!2m1!1sperusahaan+di+dekat+graha+matapel+jakarta+barat!3m4!1s0x2e69f7712ac26095:0xc0d770971b536033!8m2!3d-6.1594522!4d106.8150865"
PT. Gifera Odo Technology (Workshop),"Ruko Galaxy Blok N-30 Taman Palem, Jl. Lingkar Luar (Ring Road) Barat, RT.7/RW.8, Cengkareng Bar., Kecamatan Cengkareng, Kota Jakarta Barat, Daerah Khusus Ibukota Jakarta 11730","Ruko Galaxy Blok N-30 Taman Palem, Jl. Lingkar Luar (Ring Road) Barat, RT.7/RW.8, Cengkareng Bar., Kecamatan Cengkareng",Kota Jakarta Barat,Daerah Khusus Ibukota Jakarta,11730,VP7H+GJ,gifera-odo.com,(021) 50106665,"-6.1361747, 106.7290529",Kantor Perusahaan,"Rabu 08.30–17.30,Kamis 08.30–17.30,Jumat 08.30–17.30,Sabtu Tutup,Minggu Tutup,Senin 08.30–17.30,Selasa 08.30–17.30. Sembunyikan jam buka untuk seminggu",Y,"4,9",8,,25,https://lh5.googleusercontent.com/p/AF1QipPcxoXNPb1mRrzsbKPzQ6qdxjRA0uVBsLmkiqc=w426-h240-k-no,"https://www.google.com/maps/place/PT.+Gifera+Odo+Technology+(Workshop)/@-6.2087449,106.7142637,11z/data=!4m8!1m2!2m1!1sperusahaan+di+dekat+graha+matapel+jakarta+barat!3m4!1s0x2e6a1d568045cd6f:0x262ae40abdb1d529!8m2!3d-6.1361747!4d106.7290529"
Primaperkasa Intiswadaya,"Jl%2C Kamboja 33 Jati Pulo Palmerah Jakarta Barat DKI Jakarta, RT.3/RW.2, Jatipulo, Kec. Palmerah, Kota Jakarta Barat, Daerah Khusus Ibukota Jakarta 11430","Jl%2C Kamboja 33 Jati Pulo Palmerah Jakarta Barat DKI Jakarta, RT.3/RW.2, Jatipulo, Kec. Palmerah",Kota Jakarta Barat,Daerah Khusus Ibukota Jakarta,11430,RRF2+3J,primaperkasa.com,(021) 5680340,"-6.177287, 106.8015694",Pabrik Kimia,,N,"5,0",3,,0,https://geo0.ggpht.com/cbk?panoid=4_2oY9qCsuFHbeIMaWkEFw&output=thumbnail&cb_client=search.TACTILE.gps&thumb=2&w=408&h=240&yaw=211.24268&pitch=0&thumbfov=100,"https://www.google.com/maps/place/Primaperkasa+Intiswadaya/@-6.2087449,106.7142637,11z/data=!4m8!1m2!2m1!1sperusahaan+di+dekat+graha+matapel+jakarta+barat!3m4!1s0x2e69f689e07ab3c7:0xb841df6020ec02f5!8m2!3d-6.177287!4d106.8015694"
Kantor Pusat Bakmi GM,"Jl. Arjuna Utara No.66, RT.9/RW.1, Duri Kepa, Kec. Kb. Jeruk, Kota Jakarta Barat, Daerah Khusus Ibukota Jakarta 11510","Jl. Arjuna Utara No.66, RT.9/RW.1, Duri Kepa, Kec. Kb. Jeruk",Kota Jakarta Barat,Daerah Khusus Ibukota Jakarta,11510,RQ6F+QH,bakmigm.com,(021) 5655008,"-6.1880379, 106.7739532",Kantor Perusahaan,,Y,"4,4",147,,16,https://lh5.googleusercontent.com/p/AF1QipNlGGcwG2P2UmlnC7OEFdQytex7TF15jPVXhFyz=w408-h306-k-no,"https://www.google.com/maps/place/Kantor+Pusat+Bakmi+GM/@-6.2087449,106.7142637,11z/data=!4m8!1m2!2m1!1sperusahaan+di+dekat+graha+matapel+jakarta+barat!3m4!1s0x2e69f6fcd3da1491:0xe65e99e7765dd6cd!8m2!3d-6.1880379!4d106.7739532"
PT. Furindo Sakti Sejahtera,"Jl. Sejahtera No.25, RT.7/RW.1, Cengkareng Tim., Kecamatan Cengkareng, Kota Jakarta Barat, Daerah Khusus Ibukota Jakarta 11730","Jl. Sejahtera No.25, RT.7/RW.1, Cengkareng Tim., Kecamatan Cengkareng",Kota Jakarta Barat,Daerah Khusus Ibukota Jakarta,11730,RPXJ+3X,furindo.co.id,(021) 6195904,"-6.1523162, 106.732495",Kantor Perusahaan,"Rabu 08.00–17.00,Kamis 08.00–17.00,Jumat 08.00–17.00,Sabtu 08.00–14.00,Minggu Tutup,Senin 08.00–17.00,Selasa 08.00–17.00. Sembunyikan jam buka untuk seminggu",Y,"3,7",27,,0,https://lh5.googleusercontent.com/p/AF1QipMStxgrsGJawvsx6nXi_I5_w2ePfE_aX_tu6VE4=w423-h240-k-no,"https://www.google.com/maps/place/PT.+Furindo+Sakti+Sejahtera/@-6.2087449,106.7142637,11z/data=!4m8!1m2!2m1!1sperusahaan+di+dekat+graha+matapel+jakarta+barat!3m4!1s0x2e69f7f1a0b1d461:0x189ee235d66fa4fa!8m2!3d-6.1523162!4d106.732495"
PT Bangun Nusantara Jaya Makmur,"Blok A-15, Jl. Jelambar Madya Barat 9 No.359, RT.11/RW.9, Jelambar, Kec. Grogol petamburan, Kota Jakarta Barat, Daerah Khusus Ibukota Jakarta 11460","Blok A-15, Jl. Jelambar Madya Barat 9 No.359, RT.11/RW.9, Jelambar, Kec. Grogol petamburan",Kota Jakarta Barat,Daerah Khusus Ibukota Jakarta,11460,RQVM+PM,,,"-6.1557428, 106.7842448",,,N,,,,0,https://geo3.ggpht.com/cbk?panoid=gprOmufR6TjCNi8pmui-KA&output=thumbnail&cb_client=search.TACTILE.gps&thumb=2&w=408&h=240&yaw=7.462884&pitch=0&thumbfov=100,"https://www.google.com/maps/place/PT+Bangun+Nusantara+Jaya+Makmur/@-6.2087449,106.7142637,11z/data=!4m8!1m2!2m1!1sperusahaan+di+dekat+graha+matapel+jakarta+barat!3m4!1s0x2e69f7077fc9cd83:0xf072d089565afc51!8m2!3d-6.1557428!4d106.7842448"
PT. Global Health Pharmaceutical,"Rukan Aries Niaga, Jl. Taman Aries Blok A1 No.2E, RT.5/RW.9, Meruya Utara, Kec. Kembangan, Kota Jakarta Barat, Daerah Khusus Ibukota Jakarta 11620","Rukan Aries Niaga, Jl. Taman Aries Blok A1 No.2E, RT.5/RW.9, Meruya Utara, Kec. Kembangan",Kota Jakarta Barat,Daerah Khusus Ibukota Jakarta,11620,RP5W+43,globalhealth.co.id,(021) 58906944,"-6.1921502, 106.7451569",Perusahaan Farmasi,"Rabu 08.00–17.00,Kamis 08.00–17.00,Jumat 08.00–17.00,Sabtu Tutup,Minggu Tutup,Senin 08.00–17.00,Selasa 08.00–17.00. Sembunyikan jam buka untuk seminggu",Y,"4,0",4,,5,https://lh5.googleusercontent.com/p/AF1QipNg7serAxrhqejoAsURzHn-m9YBd5CKIu7Y9m3Y=w408-h544-k-no,"https://www.google.com/maps/place/PT.+Global+Health+Pharmaceutical/@-6.2087449,106.7142637,11z/data=!4m8!1m2!2m1!1sperusahaan+di+dekat+graha+matapel+jakarta+barat!3m4!1s0x2e69f76ce4641f11:0xac5a05e64dce408a!8m2!3d-6.1921502!4d106.7451569"
PT. Efrat Sinergi Indonesia,"Graha Matapel lt.2, Jalan Arjuna Utara No.46, RT.9/RW.1, Duri Kepa, Kec. Kb. Jeruk, Kota Jakarta Barat, Daerah Khusus Ibukota Jakarta 11510","Graha Matapel lt.2, Jalan Arjuna Utara No.46, RT.9/RW.1, Duri Kepa, Kec. Kb. Jeruk",Kota Jakarta Barat,Daerah Khusus Ibukota Jakarta,11510,RQ6F+MC,efratsinergi.com,(021) 5608791,"-6.188303, 106.773528",Tutup permanen,"Rabu 08.00–17.00,Kamis 08.00–17.00,Jumat 08.00–17.00,Sabtu Tutup,Minggu Tutup,Senin 08.00–17.00,Selasa 08.00–17.00. Sembunyikan jam buka untuk seminggu",Y,"4,0",,,12,https://lh5.googleusercontent.com/p/AF1QipOTnrculkBWXB_nNxlK2TB2dFckGq1DWiCnB9IC=w408-h304-k-no,"https://www.google.com/maps/place/PT.+Efrat+Sinergi+Indonesia/@-6.2087449,106.7142637,11z/data=!4m8!1m2!2m1!1sperusahaan+di+dekat+graha+matapel+jakarta+barat!3m4!1s0x2e69f6fa7b09d92d:0x3adbe5c071312177!8m2!3d-6.188303!4d106.773528"